record_id,event_type,tier,recommended_action,risk_probability_model,decision_status,event_time,model_version
injected_7e3f0dfe12799e8998e3,automated_risk_assessment,C_Watch,downweight_and_monitor,1.0,pending_human_review,2026-08-30T09:46:42.069749+00:00,0.2.0
injected_60a74fd030a853ceb25a,automated_risk_assessment,D_Review_Required,human_review,1.0,pending_human_review,2026-08-30T09:46:42.069749+00:00,0.2.0
injected_186305afa07df394bc53,automated_risk_assessment,B_Standard,normal_use_with_monitoring,1.0,pending_human_review,2026-08-30T09:46:42.069749+00:00,0.2.0
injected_7a407d17d170d8fadd37,automated_risk_assessment,B_Standard,normal_use_with_monitoring,1.0,pending_human_review,2026-08-30T09:46:42.069749+00:00,0.2.0
injected_945218f48012aa6ad9af,automated_risk_assessment,B_Standard,normal_use_with_monitoring,1.0,pending_human_review,2026-08-30T09:46:42.069749+00:00,0.2.0
injected_ef652fbf54d51b8d3a71,automated_risk_assessment,B_Standard,normal_use_with_monitoring,1.0,pending_human_review,2026-08-30T09:46:42.069749+00:00,0.2.0
injected_3490ae4d235ab04c9fb2,automated_risk_assessment,B_Standard,normal_use_with_monitoring,1.0,pending_human_review,2026-08-30T09:46:42.069749+00:00,0.2.0
injected_1d6cbe1ff5425a5c776b,automated_risk_assessment,B_Standard,normal_use_with_monitoring,1.0,pending_human_review,2026-08-30T09:46:42.069749+00:00,0.2.0
injected_98cb7848f98304d6010d,automated_risk_assessment,C_Watch,downweight_and_monitor,1.0,pending_human_review,2026-08-30T09:46:42.069749+00:00,0.2.0
injected_126d1bdbf4bbb7968582,automated_risk_assessment,B_Standard,normal_use_with_monitoring,1.0,pending_human_review,2026-08-30T09:46:42.069749+00:00,0.2.0
injected_2c6959beebbfe4b10341,automated_risk_assessment,B_Standard,normal_use_with_monitoring,1.0,pending_human_review,2026-08-30T09:46:42.069749+00:00,0.2.0
injected_c882036c2ce7282f2e5b,automated_risk_assessment,B_Standard,normal_use_with_monitoring,1.0,pending_human_review,2026-08-30T09:46:42.069749+00:00,0.2.0
injected_82db6c090042ad46b807,automated_risk_assessment,B_Standard,normal_use_with_monitoring,1.0,pending_human_review,2026-08-30T09:46:42.069749+00:00,0.2.0
injected_7a8a77280c7fd9c7ae9c,automated_risk_assessment,B_Standard,normal_use_with_monitoring,1.0,pending_human_review,2026-08-30T09:46:42.069749+00:00,0.2.0
injected_2a0f98dbd9761b6a9421,automated_risk_assessment,B_Standard,normal_use_with_monitoring,1.0,pending_human_review,2026-08-30T09:46:42.069749+00:00,0.2.0
injected_cf0c298fb47781f34eca,automated_risk_assessment,C_Watch,downweight_and_monitor,1.0,pending_human_review,2026-08-30T09:46:42.069749+00:00,0.2.0
injected_7bb23cb3cc2d3302fc86,automated_risk_assessment,B_Standard,normal_use_with_monitoring,1.0,pending_human_review,2026-08-30T09:46:42.069749+00:00,0.2.0
injected_093ba5417cc5bae07fc7,automated_risk_assessment,B_Standard,normal_use_with_monitoring,1.0,pending_human_review,2026-08-30T09:46:42.069749+00:00,0.2.0
injected_3bff4158bee6c3250ee6,automated_risk_assessment,B_Standard,normal_use_with_monitoring,1.0,pending_human_review,2026-08-30T09:46:42.069749+00:00,0.2.0
injected_afa3dde661b038d12a09,automated_risk_assessment,C_Watch,downweight_and_monitor,1.0,pending_human_review,2026-08-30T09:46:42.069749+00:00,0.2.0
injected_972dc9bfbf0184d5ef01,automated_risk_assessment,B_Standard,normal_use_with_monitoring,1.0,pending_human_review,2026-08-30T09:46:42.069749+00:00,0.2.0
injected_a89e214da80369bc08dd,automated_risk_assessment,B_Standard,normal_use_with_monitoring,1.0,pending_human_review,2026-08-30T09:46:42.069749+00:00,0.2.0
injected_e20305ebaa0e38be5e21,automated_risk_assessment,B_Standard,normal_use_with_monitoring,1.0,pending_human_review,2026-08-30T09:46:42.069749+00:00,0.2.0
injected_863127c8cf16c182b052,automated_risk_assessment,B_Standard,normal_use_with_monitoring,1.0,pending_human_review,2026-08-30T09:46:42.069749+00:00,0.2.0
injected_6e4a555daba0cb1196f4,automated_risk_assessment,B_Standard,normal_use_with_monitoring,1.0,pending_human_review,2026-08-30T09:46:42.069749+00:00,0.2.0
injected_0e9871cea0809f519790,automated_risk_assessment,B_Standard,normal_use_with_monitoring,1.0,pending_human_review,2026-08-30T09:46:42.069749+00:00,0.2.0
injected_49e25b695057ecc4f7d9,automated_risk_assessment,B_Standard,normal_use_with_monitoring,1.0,pending_human_review,2026-08-30T09:46:42.069749+00:00,0.2.0
injected_b1af15586e14607bc31b,automated_risk_assessment,B_Standard,normal_use_with_monitoring,1.0,pending_human_review,2026-08-30T09:46:42.069749+00:00,0.2.0
injected_15c2833fa96a414b4990,automated_risk_assessment,C_Watch,downweight_and_monitor,1.0,pending_human_review,2026-08-30T09:46:42.069749+00:00,0.2.0
injected_29e958ae92d912676874,automated_risk_assessment,B_Standard,normal_use_with_monitoring,1.0,pending_human_review,2026-08-30T09:46:42.069749+00:00,0.2.0
injected_20f2537a20a31d5deefe,automated_risk_assessment,B_Standard,normal_use_with_monitoring,1.0,pending_human_review,2026-08-30T09:46:42.069749+00:00,0.2.0
injected_5803dc858be685bf8ef9,automated_risk_assessment,B_Standard,normal_use_with_monitoring,1.0,pending_human_review,2026-08-30T09:46:42.069749+00:00,0.2.0
injected_9cc2789f9ed6adabd385,automated_risk_assessment,C_Watch,downweight_and_monitor,1.0,pending_human_review,2026-08-30T09:46:42.069749+00:00,0.2.0
injected_5f796ce58620b4d5f0d5,automated_risk_assessment,B_Standard,normal_use_with_monitoring,1.0,pending_human_review,2026-08-30T09:46:42.069749+00:00,0.2.0
injected_91080edf187de3962a2f,automated_risk_assessment,C_Watch,downweight_and_monitor,1.0,pending_human_review,2026-08-30T09:46:42.069749+00:00,0.2.0
injected_5f6b2e83619757a13386,automated_risk_assessment,B_Standard,normal_use_with_monitoring,1.0,pending_human_review,2026-08-30T09:46:42.069749+00:00,0.2.0
injected_674d6e417afbf49b2f45,automated_risk_assessment,C_Watch,downweight_and_monitor,1.0,pending_human_review,2026-08-30T09:46:42.069749+00:00,0.2.0
injected_4db52b3c24db0d006eb3,automated_risk_assessment,B_Standard,normal_use_with_monitoring,1.0,pending_human_review,2026-08-30T09:46:42.069749+00:00,0.2.0
injected_15546e9c4e2ac33e3437,automated_risk_assessment,B_Standard,normal_use_with_monitoring,1.0,pending_human_review,2026-08-30T09:46:42.069749+00:00,0.2.0
injected_e81b72255b4686dc4938,automated_risk_assessment,B_Standard,normal_use_with_monitoring,1.0,pending_human_review,2026-08-30T09:46:42.069749+00:00,0.2.0
injected_0a36717ea2410bcb56dd,automated_risk_assessment,C_Watch,downweight_and_monitor,1.0,pending_human_review,2026-08-30T09:46:42.069749+00:00,0.2.0
injected_416c1dcb66125491892e,automated_risk_assessment,B_Standard,normal_use_with_monitoring,1.0,pending_human_review,2026-08-30T09:46:42.069749+00:00,0.2.0
injected_5c0291605e704f353144,automated_risk_assessment,B_Standard,normal_use_with_monitoring,1.0,pending_human_review,2026-08-30T09:46:42.069749+00:00,0.2.0
injected_ccdfd4e9a9095c98143c,automated_risk_assessment,B_Standard,normal_use_with_monitoring,1.0,pending_human_review,2026-08-30T09:46:42.069749+00:00,0.2.0
injected_3e3da91235dc9a48c02d,automated_risk_assessment,C_Watch,downweight_and_monitor,1.0,pending_human_review,2026-08-30T09:46:42.069749+00:00,0.2.0
injected_f17916dbd0e0eb41cf2a,automated_risk_assessment,B_Standard,normal_use_with_monitoring,1.0,pending_human_review,2026-08-30T09:46:42.069749+00:00,0.2.0
injected_bc25b1f8e9899ee5abd5,automated_risk_assessment,B_Standard,normal_use_with_monitoring,1.0,pending_human_review,2026-08-30T09:46:42.069749+00:00,0.2.0
injected_ac2ea26183209f298268,automated_risk_assessment,B_Standard,normal_use_with_monitoring,1.0,pending_human_review,2026-08-30T09:46:42.069749+00:00,0.2.0
injected_d075e0ae57a61c55f03c,automated_risk_assessment,B_Standard,normal_use_with_monitoring,1.0,pending_human_review,2026-08-30T09:46:42.069749+00:00,0.2.0
injected_2955fd0481f550bab6e7,automated_risk_assessment,B_Standard,normal_use_with_monitoring,1.0,pending_human_review,2026-08-30T09:46:42.069749+00:00,0.2.0
injected_d8feaa4ff97b2175f178,automated_risk_assessment,B_Standard,normal_use_with_monitoring,1.0,pending_human_review,2026-08-30T09:46:42.069749+00:00,0.2.0
injected_ad572c45cbec24e835f8,automated_risk_assessment,D_Review_Required,human_review,1.0,pending_human_review,2026-08-30T09:46:42.069749+00:00,0.2.0
injected_7719ad939740ad38fddc,automated_risk_assessment,B_Standard,normal_use_with_monitoring,1.0,pending_human_review,2026-08-30T09:46:42.069749+00:00,0.2.0
injected_c6a4eb01a2b4b2c15d83,automated_risk_assessment,B_Standard,normal_use_with_monitoring,1.0,pending_human_review,2026-08-30T09:46:42.069749+00:00,0.2.0
injected_c3c7be85331d4ca2fda2,automated_risk_assessment,B_Standard,normal_use_with_monitoring,1.0,pending_human_review,2026-08-30T09:46:42.069749+00:00,0.2.0
injected_c91a5aa4e2631f0248d5,automated_risk_assessment,B_Standard,normal_use_with_monitoring,1.0,pending_human_review,2026-08-30T09:46:42.069749+00:00,0.2.0
injected_14c1fadf1688f025c6be,automated_risk_assessment,B_Standard,normal_use_with_monitoring,1.0,pending_human_review,2026-08-30T09:46:42.069749+00:00,0.2.0
injected_c77b899111257ed4c06e,automated_risk_assessment,B_Standard,normal_use_with_monitoring,1.0,pending_human_review,2026-08-30T09:46:42.069749+00:00,0.2.0
injected_51bfe4746ae5902ee150,automated_risk_assessment,B_Standard,normal_use_with_monitoring,1.0,pending_human_review,2026-08-30T09:46:42.069749+00:00,0.2.0
injected_9ba396d71e11f3af2c1f,automated_risk_assessment,B_Standard,normal_use_with_monitoring,1.0,pending_human_review,2026-08-30T09:46:42.069749+00:00,0.2.0
injected_efc6d0d8720dcdc5d3a9,automated_risk_assessment,B_Standard,normal_use_with_monitoring,1.0,pending_human_review,2026-08-30T09:46:42.069749+00:00,0.2.0
injected_66f1fde8b6880f5fa1c3,automated_risk_assessment,B_Standard,normal_use_with_monitoring,1.0,pending_human_review,2026-08-30T09:46:42.069749+00:00,0.2.0
injected_adfcfe809c17355ed0ce,automated_risk_assessment,B_Standard,normal_use_with_monitoring,1.0,pending_human_review,2026-08-30T09:46:42.069749+00:00,0.2.0
injected_2665dbe84302323d6c80,automated_risk_assessment,B_Standard,normal_use_with_monitoring,1.0,pending_human_review,2026-08-30T09:46:42.069749+00:00,0.2.0
injected_759df8d71218ad72e18a,automated_risk_assessment,B_Standard,normal_use_with_monitoring,1.0,pending_human_review,2026-08-30T09:46:42.069749+00:00,0.2.0
injected_73b025f4887ba5287381,automated_risk_assessment,B_Standard,normal_use_with_monitoring,1.0,pending_human_review,2026-08-30T09:46:42.069749+00:00,0.2.0
injected_b6a49bbafefb9d1713ff,automated_risk_assessment,B_Standard,normal_use_with_monitoring,1.0,pending_human_review,2026-08-30T09:46:42.069749+00:00,0.2.0
injected_e18a2de671e5368b0538,automated_risk_assessment,B_Standard,normal_use_with_monitoring,1.0,pending_human_review,2026-08-30T09:46:42.069749+00:00,0.2.0
injected_2cab86282b8f4640ee57,automated_risk_assessment,B_Standard,normal_use_with_monitoring,1.0,pending_human_review,2026-08-30T09:46:42.069749+00:00,0.2.0
injected_66f4a00034c6d06ce14e,automated_risk_assessment,B_Standard,normal_use_with_monitoring,1.0,pending_human_review,2026-08-30T09:46:42.069749+00:00,0.2.0
injected_12e7a9d899177a61b7b2,automated_risk_assessment,B_Standard,normal_use_with_monitoring,1.0,pending_human_review,2026-08-30T09:46:42.069749+00:00,0.2.0
injected_791b91239a61c863e349,automated_risk_assessment,B_Standard,normal_use_with_monitoring,1.0,pending_human_review,2026-08-30T09:46:42.069749+00:00,0.2.0
injected_d07f62b0eb35ccc3df73,automated_risk_assessment,B_Standard,normal_use_with_monitoring,1.0,pending_human_review,2026-08-30T09:46:42.069749+00:00,0.2.0
injected_f7588a23ce25416a7c13,automated_risk_assessment,D_Review_Required,human_review,1.0,pending_human_review,2026-08-30T09:46:42.069749+00:00,0.2.0
injected_68ff339d08578b6444bb,automated_risk_assessment,C_Watch,downweight_and_monitor,1.0,pending_human_review,2026-08-30T09:46:42.069749+00:00,0.2.0
injected_5c086f8193b236935aff,automated_risk_assessment,C_Watch,downweight_and_monitor,1.0,pending_human_review,2026-08-30T09:46:42.069749+00:00,0.2.0
injected_ca861af80f7d44a3e762,automated_risk_assessment,B_Standard,normal_use_with_monitoring,1.0,pending_human_review,2026-08-30T09:46:42.069749+00:00,0.2.0
injected_c0570cf2a4ef71d67597,automated_risk_assessment,B_Standard,normal_use_with_monitoring,1.0,pending_human_review,2026-08-30T09:46:42.069749+00:00,0.2.0
injected_8a465cc77d685d8d3145,automated_risk_assessment,B_Standard,normal_use_with_monitoring,1.0,pending_human_review,2026-08-30T09:46:42.069749+00:00,0.2.0
injected_0a41b2486204e574af3e,automated_risk_assessment,B_Standard,normal_use_with_monitoring,1.0,pending_human_review,2026-08-30T09:46:42.069749+00:00,0.2.0
injected_11fce8fbc665d5a31417,automated_risk_assessment,B_Standard,normal_use_with_monitoring,1.0,pending_human_review,2026-08-30T09:46:42.069749+00:00,0.2.0
injected_5214d726c160bc9cb776,automated_risk_assessment,B_Standard,normal_use_with_monitoring,1.0,pending_human_review,2026-08-30T09:46:42.069749+00:00,0.2.0
injected_2c18178a551e409b3054,automated_risk_assessment,B_Standard,normal_use_with_monitoring,1.0,pending_human_review,2026-08-30T09:46:42.069749+00:00,0.2.0
injected_578afcc4780352cd01a7,automated_risk_assessment,C_Watch,downweight_and_monitor,1.0,pending_human_review,2026-08-30T09:46:42.069749+00:00,0.2.0
injected_0928f350a2d405a1cb93,automated_risk_assessment,B_Standard,normal_use_with_monitoring,1.0,pending_human_review,2026-08-30T09:46:42.069749+00:00,0.2.0
injected_91f656445b30428d3659,automated_risk_assessment,C_Watch,downweight_and_monitor,1.0,pending_human_review,2026-08-30T09:46:42.069749+00:00,0.2.0
injected_5f2d971ea5fe58190417,automated_risk_assessment,B_Standard,normal_use_with_monitoring,1.0,pending_human_review,2026-08-30T09:46:42.069749+00:00,0.2.0
injected_ef8ca367aeb977990f57,automated_risk_assessment,B_Standard,normal_use_with_monitoring,1.0,pending_human_review,2026-08-30T09:46:42.069749+00:00,0.2.0
injected_94358ef6db2e368f7723,automated_risk_assessment,B_Standard,normal_use_with_monitoring,1.0,pending_human_review,2026-08-30T09:46:42.069749+00:00,0.2.0
injected_3ad264de7b964e3f05cc,automated_risk_assessment,C_Watch,downweight_and_monitor,1.0,pending_human_review,2026-08-30T09:46:42.069749+00:00,0.2.0
injected_c50b1c4f605766b2cae1,automated_risk_assessment,B_Standard,normal_use_with_monitoring,1.0,pending_human_review,2026-08-30T09:46:42.069749+00:00,0.2.0
injected_a393c5aff549e6fdf295,automated_risk_assessment,B_Standard,normal_use_with_monitoring,1.0,pending_human_review,2026-08-30T09:46:42.069749+00:00,0.2.0
injected_3038f8aac97f0e848bdd,automated_risk_assessment,B_Standard,normal_use_with_monitoring,1.0,pending_human_review,2026-08-30T09:46:42.069749+00:00,0.2.0
injected_5a71f7d4e0750e7025d7,automated_risk_assessment,B_Standard,normal_use_with_monitoring,1.0,pending_human_review,2026-08-30T09:46:42.069749+00:00,0.2.0
injected_d9f84d54e5070b7b427f,automated_risk_assessment,B_Standard,normal_use_with_monitoring,1.0,pending_human_review,2026-08-30T09:46:42.069749+00:00,0.2.0
injected_41ac1a4e23fed53f1fe7,automated_risk_assessment,B_Standard,normal_use_with_monitoring,1.0,pending_human_review,2026-08-30T09:46:42.069749+00:00,0.2.0
injected_934752e22e8ce1a6d6cf,automated_risk_assessment,B_Standard,normal_use_with_monitoring,1.0,pending_human_review,2026-08-30T09:46:42.069749+00:00,0.2.0
injected_337b7d18e682f701a498,automated_risk_assessment,B_Standard,normal_use_with_monitoring,1.0,pending_human_review,2026-08-30T09:46:42.069749+00:00,0.2.0
injected_cdfb2bfe67cb20662d18,automated_risk_assessment,B_Standard,normal_use_with_monitoring,1.0,pending_human_review,2026-08-30T09:46:42.069749+00:00,0.2.0
injected_b961b940ed8ffbbb2faa,automated_risk_assessment,C_Watch,downweight_and_monitor,1.0,pending_human_review,2026-08-30T09:46:42.069749+00:00,0.2.0
injected_3f479c817132d9a8e120,automated_risk_assessment,C_Watch,downweight_and_monitor,1.0,pending_human_review,2026-08-30T09:46:42.069749+00:00,0.2.0
injected_404556d2dd6f34135aeb,automated_risk_assessment,B_Standard,normal_use_with_monitoring,1.0,pending_human_review,2026-08-30T09:46:42.069749+00:00,0.2.0
injected_345f0ce1712ea4a34490,automated_risk_assessment,C_Watch,downweight_and_monitor,1.0,pending_human_review,2026-08-30T09:46:42.069749+00:00,0.2.0
injected_19b5383e572619610bcb,automated_risk_assessment,B_Standard,normal_use_with_monitoring,1.0,pending_human_review,2026-08-30T09:46:42.069749+00:00,0.2.0
injected_fc72d3634796af168bed,automated_risk_assessment,B_Standard,normal_use_with_monitoring,1.0,pending_human_review,2026-08-30T09:46:42.069749+00:00,0.2.0
injected_f38a23e16e0894d11249,automated_risk_assessment,B_Standard,normal_use_with_monitoring,1.0,pending_human_review,2026-08-30T09:46:42.069749+00:00,0.2.0
injected_438355fefcb6cc79cc70,automated_risk_assessment,D_Review_Required,human_review,1.0,pending_human_review,2026-08-30T09:46:42.069749+00:00,0.2.0
injected_25cbcb511e4109853baa,automated_risk_assessment,C_Watch,downweight_and_monitor,1.0,pending_human_review,2026-08-30T09:46:42.069749+00:00,0.2.0
injected_6e9888a77ca48301b129,automated_risk_assessment,C_Watch,downweight_and_monitor,1.0,pending_human_review,2026-08-30T09:46:42.069749+00:00,0.2.0
injected_ae7b012294d94ff3563f,automated_risk_assessment,B_Standard,normal_use_with_monitoring,1.0,pending_human_review,2026-08-30T09:46:42.069749+00:00,0.2.0
injected_3f670a1b3aaa8c0d1867,automated_risk_assessment,B_Standard,normal_use_with_monitoring,1.0,pending_human_review,2026-08-30T09:46:42.069749+00:00,0.2.0
injected_127a8c904fe10f24bffa,automated_risk_assessment,D_Review_Required,human_review,1.0,pending_human_review,2026-08-30T09:46:42.069749+00:00,0.2.0
injected_54817fc6cedb6d58268e,automated_risk_assessment,B_Standard,normal_use_with_monitoring,1.0,pending_human_review,2026-08-30T09:46:42.069749+00:00,0.2.0
injected_c81e78037a095a6d90e6,automated_risk_assessment,B_Standard,normal_use_with_monitoring,1.0,pending_human_review,2026-08-30T09:46:42.069749+00:00,0.2.0
injected_b5136de8d770b24e00a8,automated_risk_assessment,B_Standard,normal_use_with_monitoring,1.0,pending_human_review,2026-08-30T09:46:42.069749+00:00,0.2.0
injected_578aac059ca08957d846,automated_risk_assessment,C_Watch,downweight_and_monitor,1.0,pending_human_review,2026-08-30T09:46:42.069749+00:00,0.2.0
injected_a4e7429491d3c7d029c1,automated_risk_assessment,B_Standard,normal_use_with_monitoring,1.0,pending_human_review,2026-08-30T09:46:42.069749+00:00,0.2.0
injected_333a27c367a57fb38073,automated_risk_assessment,B_Standard,normal_use_with_monitoring,1.0,pending_human_review,2026-08-30T09:46:42.069749+00:00,0.2.0
injected_c022e2e73ca44058ab7a,automated_risk_assessment,B_Standard,normal_use_with_monitoring,1.0,pending_human_review,2026-08-30T09:46:42.069749+00:00,0.2.0
injected_e74d15a83583b3ff5616,automated_risk_assessment,B_Standard,normal_use_with_monitoring,1.0,pending_human_review,2026-08-30T09:46:42.069749+00:00,0.2.0
injected_acb4d248e5757c7e1330,automated_risk_assessment,B_Standard,normal_use_with_monitoring,1.0,pending_human_review,2026-08-30T09:46:42.069749+00:00,0.2.0
injected_e00eac01db3adbfd3dd9,automated_risk_assessment,B_Standard,normal_use_with_monitoring,1.0,pending_human_review,2026-08-30T09:46:42.069749+00:00,0.2.0
injected_4b12b4427f0fe31ff270,automated_risk_assessment,B_Standard,normal_use_with_monitoring,1.0,pending_human_review,2026-08-30T09:46:42.069749+00:00,0.2.0
injected_a5b5d4a744ece1ebc6a7,automated_risk_assessment,B_Standard,normal_use_with_monitoring,1.0,pending_human_review,2026-08-30T09:46:42.069749+00:00,0.2.0
injected_dd4995076e4b7b8c9a8d,automated_risk_assessment,B_Standard,normal_use_with_monitoring,1.0,pending_human_review,2026-08-30T09:46:42.069749+00:00,0.2.0
injected_bad12de298aa96776f63,automated_risk_assessment,C_Watch,downweight_and_monitor,1.0,pending_human_review,2026-08-30T09:46:42.069749+00:00,0.2.0
injected_680c3b49df255aebbce5,automated_risk_assessment,B_Standard,normal_use_with_monitoring,1.0,pending_human_review,2026-08-30T09:46:42.069749+00:00,0.2.0
injected_b3dbe3339f0470b00061,automated_risk_assessment,B_Standard,normal_use_with_monitoring,1.0,pending_human_review,2026-08-30T09:46:42.069749+00:00,0.2.0
injected_af275391c2b8042d729f,automated_risk_assessment,B_Standard,normal_use_with_monitoring,1.0,pending_human_review,2026-08-30T09:46:42.069749+00:00,0.2.0
injected_9dce9675119eeb966bdb,automated_risk_assessment,B_Standard,normal_use_with_monitoring,1.0,pending_human_review,2026-08-30T09:46:42.069749+00:00,0.2.0
injected_394606a90189c0f7e9a2,automated_risk_assessment,B_Standard,normal_use_with_monitoring,1.0,pending_human_review,2026-08-30T09:46:42.069749+00:00,0.2.0
injected_bb3a3e1408a26053a7b6,automated_risk_assessment,D_Review_Required,human_review,1.0,pending_human_review,2026-08-30T09:46:42.069749+00:00,0.2.0
injected_1efe9cd79bffa0b901a3,automated_risk_assessment,B_Standard,normal_use_with_monitoring,1.0,pending_human_review,2026-08-30T09:46:42.069749+00:00,0.2.0
injected_126ba9990666ede6533e,automated_risk_assessment,B_Standard,normal_use_with_monitoring,1.0,pending_human_review,2026-08-30T09:46:42.069749+00:00,0.2.0
injected_4b7d31ddc49f4b212f2e,automated_risk_assessment,B_Standard,normal_use_with_monitoring,1.0,pending_human_review,2026-08-30T09:46:42.069749+00:00,0.2.0
injected_4309be57ad60be31ade6,automated_risk_assessment,C_Watch,downweight_and_monitor,1.0,pending_human_review,2026-08-30T09:46:42.069749+00:00,0.2.0
injected_69a4190227060eead9f4,automated_risk_assessment,B_Standard,normal_use_with_monitoring,1.0,pending_human_review,2026-08-30T09:46:42.069749+00:00,0.2.0
injected_9fa52ef616ac690b1b7d,automated_risk_assessment,B_Standard,normal_use_with_monitoring,1.0,pending_human_review,2026-08-30T09:46:42.069749+00:00,0.2.0
injected_9c341b6462149d5d3259,automated_risk_assessment,B_Standard,normal_use_with_monitoring,1.0,pending_human_review,2026-08-30T09:46:42.069749+00:00,0.2.0
injected_c36332007ef8154ba820,automated_risk_assessment,B_Standard,normal_use_with_monitoring,1.0,pending_human_review,2026-08-30T09:46:42.069749+00:00,0.2.0
injected_5d8b1d4cd250246f5c9c,automated_risk_assessment,B_Standard,normal_use_with_monitoring,1.0,pending_human_review,2026-08-30T09:46:42.069749+00:00,0.2.0
injected_167d90034fc376655799,automated_risk_assessment,E_Restricted,temporary_restriction,1.0,pending_human_review,2026-08-30T09:46:42.069749+00:00,0.2.0
injected_b4e17f5e6aaa762d4f1e,automated_risk_assessment,B_Standard,normal_use_with_monitoring,1.0,pending_human_review,2026-08-30T09:46:42.069749+00:00,0.2.0
injected_de57ab301f94a0545c06,automated_risk_assessment,B_Standard,normal_use_with_monitoring,1.0,pending_human_review,2026-08-30T09:46:42.069749+00:00,0.2.0
injected_badc2c4dc0b166c3f0a2,automated_risk_assessment,B_Standard,normal_use_with_monitoring,1.0,pending_human_review,2026-08-30T09:46:42.069749+00:00,0.2.0
injected_bd0088ad3d7bd812e286,automated_risk_assessment,B_Standard,normal_use_with_monitoring,1.0,pending_human_review,2026-08-30T09:46:42.069749+00:00,0.2.0
injected_807c9462096f4b17a32a,automated_risk_assessment,B_Standard,normal_use_with_monitoring,1.0,pending_human_review,2026-08-30T09:46:42.069749+00:00,0.2.0
injected_8fa2422997b6e5524a65,automated_risk_assessment,B_Standard,normal_use_with_monitoring,1.0,pending_human_review,2026-08-30T09:46:42.069749+00:00,0.2.0
injected_242b0f99ba447ac818de,automated_risk_assessment,B_Standard,normal_use_with_monitoring,1.0,pending_human_review,2026-08-30T09:46:42.069749+00:00,0.2.0
injected_55e5133bb2a9aea26d2e,automated_risk_assessment,B_Standard,normal_use_with_monitoring,1.0,pending_human_review,2026-08-30T09:46:42.069749+00:00,0.2.0
injected_f6f683eebb5b82a7ff43,automated_risk_assessment,B_Standard,normal_use_with_monitoring,1.0,pending_human_review,2026-08-30T09:46:42.069749+00:00,0.2.0
injected_60de2eac66bfb63ac5c6,automated_risk_assessment,C_Watch,downweight_and_monitor,1.0,pending_human_review,2026-08-30T09:46:42.069749+00:00,0.2.0
injected_124ef8017dd9f25b72f7,automated_risk_assessment,B_Standard,normal_use_with_monitoring,1.0,pending_human_review,2026-08-30T09:46:42.069749+00:00,0.2.0
injected_bd64427a990558f7b22d,automated_risk_assessment,B_Standard,normal_use_with_monitoring,1.0,pending_human_review,2026-08-30T09:46:42.069749+00:00,0.2.0
injected_2428c1c1fec5a56f164d,automated_risk_assessment,B_Standard,normal_use_with_monitoring,1.0,pending_human_review,2026-08-30T09:46:42.069749+00:00,0.2.0
injected_7e83734ac2525a8b1154,automated_risk_assessment,B_Standard,normal_use_with_monitoring,1.0,pending_human_review,2026-08-30T09:46:42.069749+00:00,0.2.0
injected_0e477c50f5eab061d673,automated_risk_assessment,B_Standard,normal_use_with_monitoring,1.0,pending_human_review,2026-08-30T09:46:42.069749+00:00,0.2.0
injected_3a62782c8d4403bbd069,automated_risk_assessment,B_Standard,normal_use_with_monitoring,1.0,pending_human_review,2026-08-30T09:46:42.069749+00:00,0.2.0
injected_7b3bafef3115669c2216,automated_risk_assessment,C_Watch,downweight_and_monitor,1.0,pending_human_review,2026-08-30T09:46:42.069749+00:00,0.2.0
injected_c0c43881f3ecc4e4805a,automated_risk_assessment,B_Standard,normal_use_with_monitoring,1.0,pending_human_review,2026-08-30T09:46:42.069749+00:00,0.2.0
injected_936ab61f4baecd3a5795,automated_risk_assessment,C_Watch,downweight_and_monitor,1.0,pending_human_review,2026-08-30T09:46:42.069749+00:00,0.2.0
injected_bb355208776669ce6406,automated_risk_assessment,B_Standard,normal_use_with_monitoring,1.0,pending_human_review,2026-08-30T09:46:42.069749+00:00,0.2.0
injected_26e0d586bf36310a2416,automated_risk_assessment,B_Standard,normal_use_with_monitoring,1.0,pending_human_review,2026-08-30T09:46:42.069749+00:00,0.2.0
injected_bac4398c5fa8bdc971a8,automated_risk_assessment,B_Standard,normal_use_with_monitoring,1.0,pending_human_review,2026-08-30T09:46:42.069749+00:00,0.2.0
injected_2ac1e2bb773930cd27f5,automated_risk_assessment,B_Standard,normal_use_with_monitoring,1.0,pending_human_review,2026-08-30T09:46:42.069749+00:00,0.2.0
injected_cd8d24b3ddb2965c1129,automated_risk_assessment,B_Standard,normal_use_with_monitoring,1.0,pending_human_review,2026-08-30T09:46:42.069749+00:00,0.2.0
injected_e8ead492291246fb870a,automated_risk_assessment,B_Standard,normal_use_with_monitoring,1.0,pending_human_review,2026-08-30T09:46:42.069749+00:00,0.2.0
injected_c583ae2d664e2007bc1b,automated_risk_assessment,B_Standard,normal_use_with_monitoring,1.0,pending_human_review,2026-08-30T09:46:42.069749+00:00,0.2.0
injected_cc9fd2ccca2fb2aa0094,automated_risk_assessment,B_Standard,normal_use_with_monitoring,1.0,pending_human_review,2026-08-30T09:46:42.069749+00:00,0.2.0
injected_09a93d516c8796699326,automated_risk_assessment,B_Standard,normal_use_with_monitoring,1.0,pending_human_review,2026-08-30T09:46:42.069749+00:00,0.2.0
injected_eaad79e6a795e4e66984,automated_risk_assessment,B_Standard,normal_use_with_monitoring,1.0,pending_human_review,2026-08-30T09:46:42.069749+00:00,0.2.0
injected_adf1c12baf927f55dd2b,automated_risk_assessment,B_Standard,normal_use_with_monitoring,1.0,pending_human_review,2026-08-30T09:46:42.069749+00:00,0.2.0
injected_083935769b91d7c68950,automated_risk_assessment,B_Standard,normal_use_with_monitoring,1.0,pending_human_review,2026-08-30T09:46:42.069749+00:00,0.2.0
injected_ab7cf20689fd997a9099,automated_risk_assessment,B_Standard,normal_use_with_monitoring,1.0,pending_human_review,2026-08-30T09:46:42.069749+00:00,0.2.0
injected_ce5a60623b543922f8f2,automated_risk_assessment,B_Standard,normal_use_with_monitoring,1.0,pending_human_review,2026-08-30T09:46:42.069749+00:00,0.2.0
injected_24493383929556ef4aba,automated_risk_assessment,B_Standard,normal_use_with_monitoring,1.0,pending_human_review,2026-08-30T09:46:42.069749+00:00,0.2.0
injected_6eede62d6b6eb59a2be9,automated_risk_assessment,B_Standard,normal_use_with_monitoring,1.0,pending_human_review,2026-08-30T09:46:42.069749+00:00,0.2.0
injected_b9d8f3669022e2b9a4ec,automated_risk_assessment,B_Standard,normal_use_with_monitoring,1.0,pending_human_review,2026-08-30T09:46:42.069749+00:00,0.2.0
injected_35a532f9b5ff556ccce7,automated_risk_assessment,B_Standard,normal_use_with_monitoring,1.0,pending_human_review,2026-08-30T09:46:42.069749+00:00,0.2.0
injected_3ab6bd3312506374e4e9,automated_risk_assessment,C_Watch,downweight_and_monitor,1.0,pending_human_review,2026-08-30T09:46:42.069749+00:00,0.2.0
injected_5e3255f91ea5a2ea40ed,automated_risk_assessment,C_Watch,downweight_and_monitor,1.0,pending_human_review,2026-08-30T09:46:42.069749+00:00,0.2.0
injected_d38c1d211710e008fcda,automated_risk_assessment,B_Standard,normal_use_with_monitoring,1.0,pending_human_review,2026-08-30T09:46:42.069749+00:00,0.2.0
injected_f57088618a9faadbf0b3,automated_risk_assessment,B_Standard,normal_use_with_monitoring,1.0,pending_human_review,2026-08-30T09:46:42.069749+00:00,0.2.0
injected_149e241d9f0d4298da67,automated_risk_assessment,B_Standard,normal_use_with_monitoring,1.0,pending_human_review,2026-08-30T09:46:42.069749+00:00,0.2.0
injected_46a40c2255b44dde1681,automated_risk_assessment,B_Standard,normal_use_with_monitoring,1.0,pending_human_review,2026-08-30T09:46:42.069749+00:00,0.2.0
injected_dab173d16415cf8852cb,automated_risk_assessment,B_Standard,normal_use_with_monitoring,1.0,pending_human_review,2026-08-30T09:46:42.069749+00:00,0.2.0
injected_a1323dfe62cf4e6b5aa8,automated_risk_assessment,B_Standard,normal_use_with_monitoring,1.0,pending_human_review,2026-08-30T09:46:42.069749+00:00,0.2.0
injected_ab2fd9761679bc558928,automated_risk_assessment,B_Standard,normal_use_with_monitoring,1.0,pending_human_review,2026-08-30T09:46:42.069749+00:00,0.2.0
injected_6b9227400db0875dfd71,automated_risk_assessment,B_Standard,normal_use_with_monitoring,1.0,pending_human_review,2026-08-30T09:46:42.069749+00:00,0.2.0
injected_b9bf3aafb7598e894ace,automated_risk_assessment,B_Standard,normal_use_with_monitoring,1.0,pending_human_review,2026-08-30T09:46:42.069749+00:00,0.2.0
injected_1534074fd871aed95401,automated_risk_assessment,B_Standard,normal_use_with_monitoring,1.0,pending_human_review,2026-08-30T09:46:42.069749+00:00,0.2.0
injected_f8f04f9f92f613e314c1,automated_risk_assessment,D_Review_Required,human_review,1.0,pending_human_review,2026-08-30T09:46:42.069749+00:00,0.2.0
injected_bf78bfe5bbc3f9ce3801,automated_risk_assessment,B_Standard,normal_use_with_monitoring,1.0,pending_human_review,2026-08-30T09:46:42.069749+00:00,0.2.0
injected_66a03b37b9bb57258128,automated_risk_assessment,B_Standard,normal_use_with_monitoring,1.0,pending_human_review,2026-08-30T09:46:42.069749+00:00,0.2.0
injected_d71a8b5f1f2433bccc1f,automated_risk_assessment,C_Watch,downweight_and_monitor,1.0,pending_human_review,2026-08-30T09:46:42.069749+00:00,0.2.0
injected_7d044f1dd6084d80f2ce,automated_risk_assessment,C_Watch,downweight_and_monitor,1.0,pending_human_review,2026-08-30T09:46:42.069749+00:00,0.2.0
injected_6b70ed8e8087e9b79ec9,automated_risk_assessment,B_Standard,normal_use_with_monitoring,1.0,pending_human_review,2026-08-30T09:46:42.069749+00:00,0.2.0
injected_2d3753b1eef82e54a0e8,automated_risk_assessment,B_Standard,normal_use_with_monitoring,1.0,pending_human_review,2026-08-30T09:46:42.069749+00:00,0.2.0
injected_525a91a21e364679f405,automated_risk_assessment,C_Watch,downweight_and_monitor,1.0,pending_human_review,2026-08-30T09:46:42.069749+00:00,0.2.0
injected_6bd0561f08e6fcf7d0a8,automated_risk_assessment,B_Standard,normal_use_with_monitoring,1.0,pending_human_review,2026-08-30T09:46:42.069749+00:00,0.2.0
injected_af947006fb41ab55846d,automated_risk_assessment,B_Standard,normal_use_with_monitoring,1.0,pending_human_review,2026-08-30T09:46:42.069749+00:00,0.2.0
injected_04c50c5661cec7feda1c,automated_risk_assessment,B_Standard,normal_use_with_monitoring,1.0,pending_human_review,2026-08-30T09:46:42.069749+00:00,0.2.0
injected_dab70c237ee83381fcdd,automated_risk_assessment,B_Standard,normal_use_with_monitoring,1.0,pending_human_review,2026-08-30T09:46:42.069749+00:00,0.2.0
injected_03a11aca9ee07f3ef9cd,automated_risk_assessment,D_Review_Required,human_review,1.0,pending_human_review,2026-08-30T09:46:42.069749+00:00,0.2.0
injected_d4c344b251f4974f3eb2,automated_risk_assessment,C_Watch,downweight_and_monitor,1.0,pending_human_review,2026-08-30T09:46:42.069749+00:00,0.2.0
injected_1325dbd67b98ac106feb,automated_risk_assessment,C_Watch,downweight_and_monitor,1.0,pending_human_review,2026-08-30T09:46:42.069749+00:00,0.2.0
injected_7b5a6042ff57a2035fa9,automated_risk_assessment,C_Watch,downweight_and_monitor,1.0,pending_human_review,2026-08-30T09:46:42.069749+00:00,0.2.0
injected_17f7ad1ccd38f7f047cf,automated_risk_assessment,C_Watch,downweight_and_monitor,1.0,pending_human_review,2026-08-30T09:46:42.069749+00:00,0.2.0
injected_3243c5a19a301929ffa2,automated_risk_assessment,B_Standard,normal_use_with_monitoring,1.0,pending_human_review,2026-08-30T09:46:42.069749+00:00,0.2.0
injected_d8731da4c7829e64fbd3,automated_risk_assessment,D_Review_Required,human_review,1.0,pending_human_review,2026-08-30T09:46:42.069749+00:00,0.2.0
injected_6b3413c4ddf5f711f89b,automated_risk_assessment,B_Standard,normal_use_with_monitoring,1.0,pending_human_review,2026-08-30T09:46:42.069749+00:00,0.2.0
injected_29974d98816b379590ff,automated_risk_assessment,B_Standard,normal_use_with_monitoring,1.0,pending_human_review,2026-08-30T09:46:42.069749+00:00,0.2.0
injected_446512c259c82830ebc9,automated_risk_assessment,B_Standard,normal_use_with_monitoring,1.0,pending_human_review,2026-08-30T09:46:42.069749+00:00,0.2.0
injected_6333b9a0bf4fcd421d30,automated_risk_assessment,B_Standard,normal_use_with_monitoring,1.0,pending_human_review,2026-08-30T09:46:42.069749+00:00,0.2.0
injected_a75ddda57524acb698cf,automated_risk_assessment,B_Standard,normal_use_with_monitoring,1.0,pending_human_review,2026-08-30T09:46:42.069749+00:00,0.2.0
injected_e6ab72b82807af209261,automated_risk_assessment,B_Standard,normal_use_with_monitoring,1.0,pending_human_review,2026-08-30T09:46:42.069749+00:00,0.2.0
injected_183998d5d5121a3d0797,automated_risk_assessment,B_Standard,normal_use_with_monitoring,1.0,pending_human_review,2026-08-30T09:46:42.069749+00:00,0.2.0
injected_af5139d74a0bbe8f3270,automated_risk_assessment,B_Standard,normal_use_with_monitoring,1.0,pending_human_review,2026-08-30T09:46:42.069749+00:00,0.2.0
injected_0f2a2b3fbc6c26785d66,automated_risk_assessment,B_Standard,normal_use_with_monitoring,1.0,pending_human_review,2026-08-30T09:46:42.069749+00:00,0.2.0
injected_0cb68e0d6aca418ff827,automated_risk_assessment,B_Standard,normal_use_with_monitoring,1.0,pending_human_review,2026-08-30T09:46:42.069749+00:00,0.2.0
injected_da4c7c0dce7d91262b48,automated_risk_assessment,B_Standard,normal_use_with_monitoring,1.0,pending_human_review,2026-08-30T09:46:42.069749+00:00,0.2.0
injected_7f2dd8d17b496695110a,automated_risk_assessment,D_Review_Required,human_review,1.0,pending_human_review,2026-08-30T09:46:42.069749+00:00,0.2.0
injected_53fade428e94ab8084bf,automated_risk_assessment,B_Standard,normal_use_with_monitoring,1.0,pending_human_review,2026-08-30T09:46:42.069749+00:00,0.2.0
injected_af45e561d80650814010,automated_risk_assessment,B_Standard,normal_use_with_monitoring,1.0,pending_human_review,2026-08-30T09:46:42.069749+00:00,0.2.0
injected_b1990fcecb6ff915db96,automated_risk_assessment,B_Standard,normal_use_with_monitoring,1.0,pending_human_review,2026-08-30T09:46:42.069749+00:00,0.2.0
injected_7c46058b7b04b594024d,automated_risk_assessment,B_Standard,normal_use_with_monitoring,1.0,pending_human_review,2026-08-30T09:46:42.069749+00:00,0.2.0
injected_63c42dfb0d1b8424c3ac,automated_risk_assessment,B_Standard,normal_use_with_monitoring,1.0,pending_human_review,2026-08-30T09:46:42.069749+00:00,0.2.0
injected_afbdbe7303b739ac5951,automated_risk_assessment,C_Watch,downweight_and_monitor,1.0,pending_human_review,2026-08-30T09:46:42.069749+00:00,0.2.0
injected_7a48ed4af8048a4db264,automated_risk_assessment,B_Standard,normal_use_with_monitoring,1.0,pending_human_review,2026-08-30T09:46:42.069749+00:00,0.2.0
injected_d0973c332f9476acbb78,automated_risk_assessment,B_Standard,normal_use_with_monitoring,1.0,pending_human_review,2026-08-30T09:46:42.069749+00:00,0.2.0
injected_64a0bce2ae2c468984b7,automated_risk_assessment,B_Standard,normal_use_with_monitoring,1.0,pending_human_review,2026-08-30T09:46:42.069749+00:00,0.2.0
injected_0fb83f648b6e3713ee9e,automated_risk_assessment,B_Standard,normal_use_with_monitoring,1.0,pending_human_review,2026-08-30T09:46:42.069749+00:00,0.2.0
injected_4a83a86e86942f8dd337,automated_risk_assessment,B_Standard,normal_use_with_monitoring,1.0,pending_human_review,2026-08-30T09:46:42.069749+00:00,0.2.0
injected_6b167c5e6c6fdb34dbff,automated_risk_assessment,B_Standard,normal_use_with_monitoring,1.0,pending_human_review,2026-08-30T09:46:42.069749+00:00,0.2.0
injected_d85c59822642644c2c4e,automated_risk_assessment,B_Standard,normal_use_with_monitoring,1.0,pending_human_review,2026-08-30T09:46:42.069749+00:00,0.2.0
injected_9dea523945737ad08c73,automated_risk_assessment,B_Standard,normal_use_with_monitoring,1.0,pending_human_review,2026-08-30T09:46:42.069749+00:00,0.2.0
injected_23182b718c5317dbf9fa,automated_risk_assessment,B_Standard,normal_use_with_monitoring,1.0,pending_human_review,2026-08-30T09:46:42.069749+00:00,0.2.0
injected_af2e9f1a2d6eadece6ae,automated_risk_assessment,B_Standard,normal_use_with_monitoring,1.0,pending_human_review,2026-08-30T09:46:42.069749+00:00,0.2.0
injected_363dcf3210dc075eb06f,automated_risk_assessment,B_Standard,normal_use_with_monitoring,1.0,pending_human_review,2026-08-30T09:46:42.069749+00:00,0.2.0
injected_25b82b912e817cc8aa4b,automated_risk_assessment,B_Standard,normal_use_with_monitoring,1.0,pending_human_review,2026-08-30T09:46:42.069749+00:00,0.2.0
injected_9c3f32e5332d686ce451,automated_risk_assessment,B_Standard,normal_use_with_monitoring,1.0,pending_human_review,2026-08-30T09:46:42.069749+00:00,0.2.0
injected_142b9503ba3ebd3ec5c5,automated_risk_assessment,B_Standard,normal_use_with_monitoring,1.0,pending_human_review,2026-08-30T09:46:42.069749+00:00,0.2.0
injected_45360c1f471310a9643d,automated_risk_assessment,B_Standard,normal_use_with_monitoring,1.0,pending_human_review,2026-08-30T09:46:42.069749+00:00,0.2.0
injected_1105b124e197a74a01d5,automated_risk_assessment,B_Standard,normal_use_with_monitoring,1.0,pending_human_review,2026-08-30T09:46:42.069749+00:00,0.2.0
injected_283a5c4357f80c9dcd52,automated_risk_assessment,B_Standard,normal_use_with_monitoring,1.0,pending_human_review,2026-08-30T09:46:42.069749+00:00,0.2.0
injected_cecaccab31c42e80ce49,automated_risk_assessment,B_Standard,normal_use_with_monitoring,1.0,pending_human_review,2026-08-30T09:46:42.069749+00:00,0.2.0
injected_632449f7c31cfc0d0fe1,automated_risk_assessment,B_Standard,normal_use_with_monitoring,1.0,pending_human_review,2026-08-30T09:46:42.069749+00:00,0.2.0
injected_4b6fac6244cd95f80b4b,automated_risk_assessment,B_Standard,normal_use_with_monitoring,1.0,pending_human_review,2026-08-30T09:46:42.069749+00:00,0.2.0
injected_74fe45bf1002f9ea3418,automated_risk_assessment,B_Standard,normal_use_with_monitoring,1.0,pending_human_review,2026-08-30T09:46:42.069749+00:00,0.2.0
injected_bedc2c3b4d8d487fc822,automated_risk_assessment,B_Standard,normal_use_with_monitoring,1.0,pending_human_review,2026-08-30T09:46:42.069749+00:00,0.2.0
injected_b1a442b026e8eb0f4f10,automated_risk_assessment,B_Standard,normal_use_with_monitoring,1.0,pending_human_review,2026-08-30T09:46:42.069749+00:00,0.2.0
injected_07fbda3121b1318bea90,automated_risk_assessment,C_Watch,downweight_and_monitor,1.0,pending_human_review,2026-08-30T09:46:42.069749+00:00,0.2.0
injected_5b97bc1b6acfc4f47b13,automated_risk_assessment,B_Standard,normal_use_with_monitoring,1.0,pending_human_review,2026-08-30T09:46:42.069749+00:00,0.2.0
injected_18090b5d4e630cd4f804,automated_risk_assessment,C_Watch,downweight_and_monitor,1.0,pending_human_review,2026-08-30T09:46:42.069749+00:00,0.2.0
injected_2f6a50e2ae7ee18830ce,automated_risk_assessment,B_Standard,normal_use_with_monitoring,1.0,pending_human_review,2026-08-30T09:46:42.069749+00:00,0.2.0
injected_157f78e149fd67418216,automated_risk_assessment,B_Standard,normal_use_with_monitoring,1.0,pending_human_review,2026-08-30T09:46:42.069749+00:00,0.2.0
injected_1971c97ea8dbe52d7df1,automated_risk_assessment,B_Standard,normal_use_with_monitoring,1.0,pending_human_review,2026-08-30T09:46:42.069749+00:00,0.2.0
injected_2bdc4ad0f78ffac1e5a1,automated_risk_assessment,C_Watch,downweight_and_monitor,1.0,pending_human_review,2026-08-30T09:46:42.069749+00:00,0.2.0
injected_c40cb99d43a0e365c603,automated_risk_assessment,B_Standard,normal_use_with_monitoring,1.0,pending_human_review,2026-08-30T09:46:42.069749+00:00,0.2.0
injected_4d85ae49697204398cca,automated_risk_assessment,B_Standard,normal_use_with_monitoring,1.0,pending_human_review,2026-08-30T09:46:42.069749+00:00,0.2.0
injected_ff21f7c8be48886bb252,automated_risk_assessment,D_Review_Required,human_review,1.0,pending_human_review,2026-08-30T09:46:42.069749+00:00,0.2.0
injected_81fc51644dec655de01c,automated_risk_assessment,B_Standard,normal_use_with_monitoring,1.0,pending_human_review,2026-08-30T09:46:42.069749+00:00,0.2.0
injected_4133e9a205aa6b7dde82,automated_risk_assessment,B_Standard,normal_use_with_monitoring,1.0,pending_human_review,2026-08-30T09:46:42.069749+00:00,0.2.0
injected_194b3e24401dc38686de,automated_risk_assessment,B_Standard,normal_use_with_monitoring,1.0,pending_human_review,2026-08-30T09:46:42.069749+00:00,0.2.0
injected_9badbbfdfca6c84e8052,automated_risk_assessment,B_Standard,normal_use_with_monitoring,1.0,pending_human_review,2026-08-30T09:46:42.069749+00:00,0.2.0
injected_6d43c1fd6fd77a342b55,automated_risk_assessment,C_Watch,downweight_and_monitor,1.0,pending_human_review,2026-08-30T09:46:42.069749+00:00,0.2.0
injected_95596bfc0141a650ee6e,automated_risk_assessment,B_Standard,normal_use_with_monitoring,1.0,pending_human_review,2026-08-30T09:46:42.069749+00:00,0.2.0
injected_4d058b6294ceb2e6718c,automated_risk_assessment,B_Standard,normal_use_with_monitoring,1.0,pending_human_review,2026-08-30T09:46:42.069749+00:00,0.2.0
injected_cf4637abd438b1ef863c,automated_risk_assessment,B_Standard,normal_use_with_monitoring,1.0,pending_human_review,2026-08-30T09:46:42.069749+00:00,0.2.0
injected_fdfc307c73548f395f36,automated_risk_assessment,B_Standard,normal_use_with_monitoring,1.0,pending_human_review,2026-08-30T09:46:42.069749+00:00,0.2.0
injected_3cc205cd3fd482c2e250,automated_risk_assessment,B_Standard,normal_use_with_monitoring,1.0,pending_human_review,2026-08-30T09:46:42.069749+00:00,0.2.0
injected_db8333169311c2d00aab,automated_risk_assessment,B_Standard,normal_use_with_monitoring,1.0,pending_human_review,2026-08-30T09:46:42.069749+00:00,0.2.0
injected_a10ea91c3fdedd6b8815,automated_risk_assessment,B_Standard,normal_use_with_monitoring,1.0,pending_human_review,2026-08-30T09:46:42.069749+00:00,0.2.0
injected_d56654029580a4491e27,automated_risk_assessment,B_Standard,normal_use_with_monitoring,1.0,pending_human_review,2026-08-30T09:46:42.069749+00:00,0.2.0
injected_a413f75e0da25a14f338,automated_risk_assessment,D_Review_Required,human_review,1.0,pending_human_review,2026-08-30T09:46:42.069749+00:00,0.2.0
injected_fee02ac04e21a10fc789,automated_risk_assessment,B_Standard,normal_use_with_monitoring,1.0,pending_human_review,2026-08-30T09:46:42.069749+00:00,0.2.0
injected_4acfe1ce35499f17a354,automated_risk_assessment,C_Watch,downweight_and_monitor,1.0,pending_human_review,2026-08-30T09:46:42.069749+00:00,0.2.0
injected_12b7af807df77f716f91,automated_risk_assessment,B_Standard,normal_use_with_monitoring,1.0,pending_human_review,2026-08-30T09:46:42.069749+00:00,0.2.0
injected_73795f022d82b4cdb8db,automated_risk_assessment,B_Standard,normal_use_with_monitoring,1.0,pending_human_review,2026-08-30T09:46:42.069749+00:00,0.2.0
injected_e2635817bb1a8f6aac56,automated_risk_assessment,B_Standard,normal_use_with_monitoring,1.0,pending_human_review,2026-08-30T09:46:42.069749+00:00,0.2.0
injected_5fb147de58c8993b6c5c,automated_risk_assessment,B_Standard,normal_use_with_monitoring,1.0,pending_human_review,2026-08-30T09:46:42.069749+00:00,0.2.0
injected_dabbd10bfe59dd2ced07,automated_risk_assessment,B_Standard,normal_use_with_monitoring,1.0,pending_human_review,2026-08-30T09:46:42.069749+00:00,0.2.0
injected_f6377518affd309a08fa,automated_risk_assessment,B_Standard,normal_use_with_monitoring,1.0,pending_human_review,2026-08-30T09:46:42.069749+00:00,0.2.0
injected_04d02eb65f07324323f9,automated_risk_assessment,B_Standard,normal_use_with_monitoring,1.0,pending_human_review,2026-08-30T09:46:42.069749+00:00,0.2.0
injected_25252045bfcb3a339aff,automated_risk_assessment,B_Standard,normal_use_with_monitoring,1.0,pending_human_review,2026-08-30T09:46:42.069749+00:00,0.2.0
injected_b73f823523218f376df3,automated_risk_assessment,B_Standard,normal_use_with_monitoring,1.0,pending_human_review,2026-08-30T09:46:42.069749+00:00,0.2.0
injected_694e4b2c4327bc37cb07,automated_risk_assessment,B_Standard,normal_use_with_monitoring,1.0,pending_human_review,2026-08-30T09:46:42.069749+00:00,0.2.0
injected_7e5c47be88b58bac6535,automated_risk_assessment,B_Standard,normal_use_with_monitoring,1.0,pending_human_review,2026-08-30T09:46:42.069749+00:00,0.2.0
injected_13a2c196e1eae1dd9167,automated_risk_assessment,B_Standard,normal_use_with_monitoring,1.0,pending_human_review,2026-08-30T09:46:42.069749+00:00,0.2.0
injected_7e4c18c412e297ad2fc6,automated_risk_assessment,C_Watch,downweight_and_monitor,1.0,pending_human_review,2026-08-30T09:46:42.069749+00:00,0.2.0
injected_b4d08da95883bca9b429,automated_risk_assessment,B_Standard,normal_use_with_monitoring,1.0,pending_human_review,2026-08-30T09:46:42.069749+00:00,0.2.0
injected_31e1fe129063a646a7c1,automated_risk_assessment,C_Watch,downweight_and_monitor,1.0,pending_human_review,2026-08-30T09:46:42.069749+00:00,0.2.0
injected_065fe8049e05c25f3474,automated_risk_assessment,C_Watch,downweight_and_monitor,1.0,pending_human_review,2026-08-30T09:46:42.069749+00:00,0.2.0
injected_93b20d7aed4377fb9c35,automated_risk_assessment,B_Standard,normal_use_with_monitoring,1.0,pending_human_review,2026-08-30T09:46:42.069749+00:00,0.2.0
injected_53183aac1aae9828dc37,automated_risk_assessment,B_Standard,normal_use_with_monitoring,1.0,pending_human_review,2026-08-30T09:46:42.069749+00:00,0.2.0
injected_a1f9d19e3b73eac32bd6,automated_risk_assessment,C_Watch,downweight_and_monitor,1.0,pending_human_review,2026-08-30T09:46:42.069749+00:00,0.2.0
injected_9ef7921ce66afe7ff4de,automated_risk_assessment,B_Standard,normal_use_with_monitoring,1.0,pending_human_review,2026-08-30T09:46:42.069749+00:00,0.2.0
injected_b1bf524764a4bb659cbd,automated_risk_assessment,C_Watch,downweight_and_monitor,1.0,pending_human_review,2026-08-30T09:46:42.069749+00:00,0.2.0
injected_a9c7754f1f6f8a022716,automated_risk_assessment,B_Standard,normal_use_with_monitoring,1.0,pending_human_review,2026-08-30T09:46:42.069749+00:00,0.2.0
injected_a63af172395d006826c8,automated_risk_assessment,B_Standard,normal_use_with_monitoring,1.0,pending_human_review,2026-08-30T09:46:42.069749+00:00,0.2.0
injected_220ab870685a395da45e,automated_risk_assessment,B_Standard,normal_use_with_monitoring,1.0,pending_human_review,2026-08-30T09:46:42.069749+00:00,0.2.0
injected_a2faa7be6dcef65dfe4f,automated_risk_assessment,B_Standard,normal_use_with_monitoring,1.0,pending_human_review,2026-08-30T09:46:42.069749+00:00,0.2.0
injected_b05b958d8172b5ee5882,automated_risk_assessment,B_Standard,normal_use_with_monitoring,1.0,pending_human_review,2026-08-30T09:46:42.069749+00:00,0.2.0
injected_39a7dcbd08327becc47f,automated_risk_assessment,B_Standard,normal_use_with_monitoring,1.0,pending_human_review,2026-08-30T09:46:42.069749+00:00,0.2.0
injected_d1019054aeaab81fdaab,automated_risk_assessment,B_Standard,normal_use_with_monitoring,1.0,pending_human_review,2026-08-30T09:46:42.069749+00:00,0.2.0
injected_8c61dff4db120a8d4143,automated_risk_assessment,C_Watch,downweight_and_monitor,1.0,pending_human_review,2026-08-30T09:46:42.069749+00:00,0.2.0
injected_aff18db582b358139286,automated_risk_assessment,B_Standard,normal_use_with_monitoring,1.0,pending_human_review,2026-08-30T09:46:42.069749+00:00,0.2.0
injected_2d6e5766f6ecf3249341,automated_risk_assessment,B_Standard,normal_use_with_monitoring,1.0,pending_human_review,2026-08-30T09:46:42.069749+00:00,0.2.0
injected_a358c125a6ff3f81d355,automated_risk_assessment,B_Standard,normal_use_with_monitoring,1.0,pending_human_review,2026-08-30T09:46:42.069749+00:00,0.2.0
injected_5e0a0b1b3d7eea5e78a7,automated_risk_assessment,C_Watch,downweight_and_monitor,1.0,pending_human_review,2026-08-30T09:46:42.069749+00:00,0.2.0
injected_9910ea802861fb5d93fe,automated_risk_assessment,B_Standard,normal_use_with_monitoring,1.0,pending_human_review,2026-08-30T09:46:42.069749+00:00,0.2.0
injected_608b33ca20922cda84bc,automated_risk_assessment,B_Standard,normal_use_with_monitoring,1.0,pending_human_review,2026-08-30T09:46:42.069749+00:00,0.2.0
injected_a5790272713365733c83,automated_risk_assessment,B_Standard,normal_use_with_monitoring,1.0,pending_human_review,2026-08-30T09:46:42.069749+00:00,0.2.0
injected_01f5a1d798446cc2a154,automated_risk_assessment,C_Watch,downweight_and_monitor,1.0,pending_human_review,2026-08-30T09:46:42.069749+00:00,0.2.0
injected_0c168d154fdcc01cd34d,automated_risk_assessment,C_Watch,downweight_and_monitor,1.0,pending_human_review,2026-08-30T09:46:42.069749+00:00,0.2.0
injected_25db08eed1324aae2c34,automated_risk_assessment,B_Standard,normal_use_with_monitoring,1.0,pending_human_review,2026-08-30T09:46:42.069749+00:00,0.2.0
injected_2de1d3b1188e342d92f6,automated_risk_assessment,B_Standard,normal_use_with_monitoring,1.0,pending_human_review,2026-08-30T09:46:42.069749+00:00,0.2.0
injected_51f82b653cc65dda7c33,automated_risk_assessment,B_Standard,normal_use_with_monitoring,1.0,pending_human_review,2026-08-30T09:46:42.069749+00:00,0.2.0
injected_633f5adc22ed834e7ec6,automated_risk_assessment,B_Standard,normal_use_with_monitoring,1.0,pending_human_review,2026-08-30T09:46:42.069749+00:00,0.2.0
injected_de7574a59f0174ac0c1f,automated_risk_assessment,B_Standard,normal_use_with_monitoring,1.0,pending_human_review,2026-08-30T09:46:42.069749+00:00,0.2.0
injected_7af6c689728fe34fc91b,automated_risk_assessment,C_Watch,downweight_and_monitor,1.0,pending_human_review,2026-08-30T09:46:42.069749+00:00,0.2.0
injected_220cf0b9052f56377947,automated_risk_assessment,B_Standard,normal_use_with_monitoring,1.0,pending_human_review,2026-08-30T09:46:42.069749+00:00,0.2.0
injected_1eb0af0c01560109f689,automated_risk_assessment,B_Standard,normal_use_with_monitoring,1.0,pending_human_review,2026-08-30T09:46:42.069749+00:00,0.2.0
injected_6cabf92bcbf90d035941,automated_risk_assessment,B_Standard,normal_use_with_monitoring,1.0,pending_human_review,2026-08-30T09:46:42.069749+00:00,0.2.0
injected_130e0ecda41e8f599327,automated_risk_assessment,C_Watch,downweight_and_monitor,1.0,pending_human_review,2026-08-30T09:46:42.069749+00:00,0.2.0
injected_440f0ff3e48d997fcd93,automated_risk_assessment,B_Standard,normal_use_with_monitoring,1.0,pending_human_review,2026-08-30T09:46:42.069749+00:00,0.2.0
injected_990a8d06ef40bed50f24,automated_risk_assessment,B_Standard,normal_use_with_monitoring,1.0,pending_human_review,2026-08-30T09:46:42.069749+00:00,0.2.0
injected_6f42f4cb534a7adeb4bd,automated_risk_assessment,B_Standard,normal_use_with_monitoring,1.0,pending_human_review,2026-08-30T09:46:42.069749+00:00,0.2.0
injected_a3d0e10ef013355c6839,automated_risk_assessment,B_Standard,normal_use_with_monitoring,1.0,pending_human_review,2026-08-30T09:46:42.069749+00:00,0.2.0
injected_b58fbe02e227480491c0,automated_risk_assessment,B_Standard,normal_use_with_monitoring,1.0,pending_human_review,2026-08-30T09:46:42.069749+00:00,0.2.0
injected_695944a2767515468420,automated_risk_assessment,B_Standard,normal_use_with_monitoring,1.0,pending_human_review,2026-08-30T09:46:42.069749+00:00,0.2.0
injected_c3f07073f41afc1fae95,automated_risk_assessment,B_Standard,normal_use_with_monitoring,1.0,pending_human_review,2026-08-30T09:46:42.069749+00:00,0.2.0
injected_588520f3ed06ed6f7e9e,automated_risk_assessment,B_Standard,normal_use_with_monitoring,1.0,pending_human_review,2026-08-30T09:46:42.069749+00:00,0.2.0
injected_f8b07105c70cb1170c93,automated_risk_assessment,B_Standard,normal_use_with_monitoring,1.0,pending_human_review,2026-08-30T09:46:42.069749+00:00,0.2.0
injected_3355f30e2ddeaca45b05,automated_risk_assessment,B_Standard,normal_use_with_monitoring,1.0,pending_human_review,2026-08-30T09:46:42.069749+00:00,0.2.0
injected_2761585bace0b1c03f62,automated_risk_assessment,B_Standard,normal_use_with_monitoring,1.0,pending_human_review,2026-08-30T09:46:42.069749+00:00,0.2.0
injected_741ae16d6edb146202c9,automated_risk_assessment,D_Review_Required,human_review,1.0,pending_human_review,2026-08-30T09:46:42.069749+00:00,0.2.0
injected_96270a06b3e952ffe8f0,automated_risk_assessment,C_Watch,downweight_and_monitor,1.0,pending_human_review,2026-08-30T09:46:42.069749+00:00,0.2.0
injected_5f756f9f4c549b75fd6b,automated_risk_assessment,B_Standard,normal_use_with_monitoring,1.0,pending_human_review,2026-08-30T09:46:42.069749+00:00,0.2.0
injected_d855aa1ed21c0fc682c3,automated_risk_assessment,B_Standard,normal_use_with_monitoring,1.0,pending_human_review,2026-08-30T09:46:42.069749+00:00,0.2.0
injected_cf4938db4dffa60b520f,automated_risk_assessment,B_Standard,normal_use_with_monitoring,1.0,pending_human_review,2026-08-30T09:46:42.069749+00:00,0.2.0
injected_e3bffde7b1106069085d,automated_risk_assessment,B_Standard,normal_use_with_monitoring,1.0,pending_human_review,2026-08-30T09:46:42.069749+00:00,0.2.0
injected_6883760dd2ef44c2879b,automated_risk_assessment,B_Standard,normal_use_with_monitoring,1.0,pending_human_review,2026-08-30T09:46:42.069749+00:00,0.2.0
injected_d397514d6e62ebbc3823,automated_risk_assessment,B_Standard,normal_use_with_monitoring,1.0,pending_human_review,2026-08-30T09:46:42.069749+00:00,0.2.0
injected_10150b734ec53ff1c33a,automated_risk_assessment,B_Standard,normal_use_with_monitoring,1.0,pending_human_review,2026-08-30T09:46:42.069749+00:00,0.2.0
injected_b225da6c0b52a2612741,automated_risk_assessment,B_Standard,normal_use_with_monitoring,1.0,pending_human_review,2026-08-30T09:46:42.069749+00:00,0.2.0
injected_5dea7789cf487d8b6193,automated_risk_assessment,B_Standard,normal_use_with_monitoring,1.0,pending_human_review,2026-08-30T09:46:42.069749+00:00,0.2.0
injected_cc52b4bdf46f5e09e2da,automated_risk_assessment,B_Standard,normal_use_with_monitoring,1.0,pending_human_review,2026-08-30T09:46:42.069749+00:00,0.2.0
injected_7776ff09f2379bc89a6f,automated_risk_assessment,B_Standard,normal_use_with_monitoring,1.0,pending_human_review,2026-08-30T09:46:42.069749+00:00,0.2.0
injected_90e2dc692201623b3028,automated_risk_assessment,B_Standard,normal_use_with_monitoring,1.0,pending_human_review,2026-08-30T09:46:42.069749+00:00,0.2.0
injected_a141b67925caf86143cf,automated_risk_assessment,B_Standard,normal_use_with_monitoring,1.0,pending_human_review,2026-08-30T09:46:42.069749+00:00,0.2.0
injected_f0cbae3f6ce81faa414f,automated_risk_assessment,B_Standard,normal_use_with_monitoring,1.0,pending_human_review,2026-08-30T09:46:42.069749+00:00,0.2.0
injected_1c32ee52f2bf68ba760f,automated_risk_assessment,B_Standard,normal_use_with_monitoring,1.0,pending_human_review,2026-08-30T09:46:42.069749+00:00,0.2.0
injected_054cdc36e4ed6f8f85dd,automated_risk_assessment,B_Standard,normal_use_with_monitoring,1.0,pending_human_review,2026-08-30T09:46:42.069749+00:00,0.2.0
injected_695e5a2c3e76fb2a9bc1,automated_risk_assessment,B_Standard,normal_use_with_monitoring,1.0,pending_human_review,2026-08-30T09:46:42.069749+00:00,0.2.0
injected_ff0ccf6e1c4a46664b29,automated_risk_assessment,B_Standard,normal_use_with_monitoring,1.0,pending_human_review,2026-08-30T09:46:42.069749+00:00,0.2.0
injected_333b735de46b248df628,automated_risk_assessment,B_Standard,normal_use_with_monitoring,1.0,pending_human_review,2026-08-30T09:46:42.069749+00:00,0.2.0
injected_414faae98ab5700f83db,automated_risk_assessment,B_Standard,normal_use_with_monitoring,1.0,pending_human_review,2026-08-30T09:46:42.069749+00:00,0.2.0
injected_301dbfbe0f390d1cd5ac,automated_risk_assessment,B_Standard,normal_use_with_monitoring,1.0,pending_human_review,2026-08-30T09:46:42.069749+00:00,0.2.0
injected_e35decf1a68458122f6e,automated_risk_assessment,B_Standard,normal_use_with_monitoring,1.0,pending_human_review,2026-08-30T09:46:42.069749+00:00,0.2.0
injected_6142fcc80b6d56bea3e0,automated_risk_assessment,D_Review_Required,human_review,1.0,pending_human_review,2026-08-30T09:46:42.069749+00:00,0.2.0
injected_612f0bc66a57138599bc,automated_risk_assessment,B_Standard,normal_use_with_monitoring,1.0,pending_human_review,2026-08-30T09:46:42.069749+00:00,0.2.0
injected_147d0cece03bf2ea136e,automated_risk_assessment,D_Review_Required,human_review,1.0,pending_human_review,2026-08-30T09:46:42.069749+00:00,0.2.0
injected_438309842cc5139ed267,automated_risk_assessment,B_Standard,normal_use_with_monitoring,1.0,pending_human_review,2026-08-30T09:46:42.069749+00:00,0.2.0
injected_88c6fe87d7288b51e61f,automated_risk_assessment,B_Standard,normal_use_with_monitoring,1.0,pending_human_review,2026-08-30T09:46:42.069749+00:00,0.2.0
injected_3d0810779cfaaa47ad73,automated_risk_assessment,D_Review_Required,human_review,1.0,pending_human_review,2026-08-30T09:46:42.069749+00:00,0.2.0
injected_373ee3e1c9bc2ddad5fb,automated_risk_assessment,B_Standard,normal_use_with_monitoring,1.0,pending_human_review,2026-08-30T09:46:42.069749+00:00,0.2.0
injected_de77bb20907efdc20014,automated_risk_assessment,B_Standard,normal_use_with_monitoring,1.0,pending_human_review,2026-08-30T09:46:42.069749+00:00,0.2.0
injected_4a117cddd10aa5104b31,automated_risk_assessment,C_Watch,downweight_and_monitor,1.0,pending_human_review,2026-08-30T09:46:42.069749+00:00,0.2.0
injected_3a4c961bfeaa7db88afa,automated_risk_assessment,B_Standard,normal_use_with_monitoring,1.0,pending_human_review,2026-08-30T09:46:42.069749+00:00,0.2.0
injected_ab6fd6d63c97dec39dce,automated_risk_assessment,B_Standard,normal_use_with_monitoring,1.0,pending_human_review,2026-08-30T09:46:42.069749+00:00,0.2.0
injected_f23fcace5b25797edbcb,automated_risk_assessment,B_Standard,normal_use_with_monitoring,1.0,pending_human_review,2026-08-30T09:46:42.069749+00:00,0.2.0
injected_378ab725975b61b717d2,automated_risk_assessment,C_Watch,downweight_and_monitor,1.0,pending_human_review,2026-08-30T09:46:42.069749+00:00,0.2.0
injected_1a26e555acba3773b7bd,automated_risk_assessment,B_Standard,normal_use_with_monitoring,1.0,pending_human_review,2026-08-30T09:46:42.069749+00:00,0.2.0
injected_a82c917a3bfa96843573,automated_risk_assessment,B_Standard,normal_use_with_monitoring,1.0,pending_human_review,2026-08-30T09:46:42.069749+00:00,0.2.0
injected_43288d69b4cf38f69c06,automated_risk_assessment,C_Watch,downweight_and_monitor,1.0,pending_human_review,2026-08-30T09:46:42.069749+00:00,0.2.0
injected_0c3a4ebef6c9edbf428f,automated_risk_assessment,B_Standard,normal_use_with_monitoring,1.0,pending_human_review,2026-08-30T09:46:42.069749+00:00,0.2.0
injected_7935a7455b34e2d0301d,automated_risk_assessment,B_Standard,normal_use_with_monitoring,1.0,pending_human_review,2026-08-30T09:46:42.069749+00:00,0.2.0
injected_04f5ccbda32d15804efd,automated_risk_assessment,C_Watch,downweight_and_monitor,1.0,pending_human_review,2026-08-30T09:46:42.069749+00:00,0.2.0
injected_b7d0b949bd8c255d0561,automated_risk_assessment,C_Watch,downweight_and_monitor,1.0,pending_human_review,2026-08-30T09:46:42.069749+00:00,0.2.0
injected_bb2f9298d1bd2ad62c43,automated_risk_assessment,B_Standard,normal_use_with_monitoring,1.0,pending_human_review,2026-08-30T09:46:42.069749+00:00,0.2.0
injected_f34388cbc37b59b0cf22,automated_risk_assessment,B_Standard,normal_use_with_monitoring,1.0,pending_human_review,2026-08-30T09:46:42.069749+00:00,0.2.0
injected_aad79aa02746b1d6e04d,automated_risk_assessment,B_Standard,normal_use_with_monitoring,1.0,pending_human_review,2026-08-30T09:46:42.069749+00:00,0.2.0
injected_f657bd59a3e2fff5abf0,automated_risk_assessment,B_Standard,normal_use_with_monitoring,1.0,pending_human_review,2026-08-30T09:46:42.069749+00:00,0.2.0
injected_87beaf1d7b94227ae0b9,automated_risk_assessment,B_Standard,normal_use_with_monitoring,1.0,pending_human_review,2026-08-30T09:46:42.069749+00:00,0.2.0
injected_4b2037c8613316f14789,automated_risk_assessment,B_Standard,normal_use_with_monitoring,1.0,pending_human_review,2026-08-30T09:46:42.069749+00:00,0.2.0
injected_ee3eae71fb2760ab1614,automated_risk_assessment,B_Standard,normal_use_with_monitoring,1.0,pending_human_review,2026-08-30T09:46:42.069749+00:00,0.2.0
injected_ab7e4e4805aeedcda8b2,automated_risk_assessment,C_Watch,downweight_and_monitor,1.0,pending_human_review,2026-08-30T09:46:42.069749+00:00,0.2.0
injected_9c94c3ca50c0acdbc2ae,automated_risk_assessment,B_Standard,normal_use_with_monitoring,1.0,pending_human_review,2026-08-30T09:46:42.069749+00:00,0.2.0
injected_38e833558154a28ecfd9,automated_risk_assessment,B_Standard,normal_use_with_monitoring,1.0,pending_human_review,2026-08-30T09:46:42.069749+00:00,0.2.0
injected_515d679924596a8cbf30,automated_risk_assessment,B_Standard,normal_use_with_monitoring,1.0,pending_human_review,2026-08-30T09:46:42.069749+00:00,0.2.0
injected_93d0c719c37dec28eaea,automated_risk_assessment,B_Standard,normal_use_with_monitoring,1.0,pending_human_review,2026-08-30T09:46:42.069749+00:00,0.2.0
injected_32334d22a8baf65d6c27,automated_risk_assessment,B_Standard,normal_use_with_monitoring,1.0,pending_human_review,2026-08-30T09:46:42.069749+00:00,0.2.0
injected_44c92ead004a6b6d7335,automated_risk_assessment,C_Watch,downweight_and_monitor,1.0,pending_human_review,2026-08-30T09:46:42.069749+00:00,0.2.0
injected_15f52cafc4db822e881d,automated_risk_assessment,B_Standard,normal_use_with_monitoring,1.0,pending_human_review,2026-08-30T09:46:42.069749+00:00,0.2.0
injected_472cb7f15d90b674ca94,automated_risk_assessment,B_Standard,normal_use_with_monitoring,1.0,pending_human_review,2026-08-30T09:46:42.069749+00:00,0.2.0
injected_b35fb1d35c5a442c6ce4,automated_risk_assessment,C_Watch,downweight_and_monitor,1.0,pending_human_review,2026-08-30T09:46:42.069749+00:00,0.2.0
injected_f2eaa5d7eb9430e9ea2b,automated_risk_assessment,B_Standard,normal_use_with_monitoring,1.0,pending_human_review,2026-08-30T09:46:42.069749+00:00,0.2.0
injected_01a130eacb53a938deca,automated_risk_assessment,B_Standard,normal_use_with_monitoring,1.0,pending_human_review,2026-08-30T09:46:42.069749+00:00,0.2.0
injected_a47b972be14bee037218,automated_risk_assessment,B_Standard,normal_use_with_monitoring,1.0,pending_human_review,2026-08-30T09:46:42.069749+00:00,0.2.0
injected_c217e4ac2720fc721f25,automated_risk_assessment,B_Standard,normal_use_with_monitoring,1.0,pending_human_review,2026-08-30T09:46:42.069749+00:00,0.2.0
injected_a19ee7b5236f89526d3f,automated_risk_assessment,C_Watch,downweight_and_monitor,1.0,pending_human_review,2026-08-30T09:46:42.069749+00:00,0.2.0
injected_d2d4223b5629a337c43b,automated_risk_assessment,D_Review_Required,human_review,1.0,pending_human_review,2026-08-30T09:46:42.069749+00:00,0.2.0
injected_2bd5eb969f14796ebf2c,automated_risk_assessment,B_Standard,normal_use_with_monitoring,1.0,pending_human_review,2026-08-30T09:46:42.069749+00:00,0.2.0
injected_e7d8c13bd4da25629679,automated_risk_assessment,B_Standard,normal_use_with_monitoring,1.0,pending_human_review,2026-08-30T09:46:42.069749+00:00,0.2.0
injected_cf844b8fddd420edab9d,automated_risk_assessment,B_Standard,normal_use_with_monitoring,1.0,pending_human_review,2026-08-30T09:46:42.069749+00:00,0.2.0
injected_237167c5ef0872e26a7f,automated_risk_assessment,C_Watch,downweight_and_monitor,1.0,pending_human_review,2026-08-30T09:46:42.069749+00:00,0.2.0
injected_5a277fabe9ab0e9a7df7,automated_risk_assessment,C_Watch,downweight_and_monitor,1.0,pending_human_review,2026-08-30T09:46:42.069749+00:00,0.2.0
injected_34879649ebdcc148f9f3,automated_risk_assessment,B_Standard,normal_use_with_monitoring,1.0,pending_human_review,2026-08-30T09:46:42.069749+00:00,0.2.0
injected_cd5922d7c707d60dbef8,automated_risk_assessment,B_Standard,normal_use_with_monitoring,1.0,pending_human_review,2026-08-30T09:46:42.069749+00:00,0.2.0
injected_caffae9fbfe96739a2ba,automated_risk_assessment,D_Review_Required,human_review,1.0,pending_human_review,2026-08-30T09:46:42.069749+00:00,0.2.0
injected_f6f812b85a5c1a5b8cd2,automated_risk_assessment,C_Watch,downweight_and_monitor,1.0,pending_human_review,2026-08-30T09:46:42.069749+00:00,0.2.0
injected_ad41b46cd05ae003bad6,automated_risk_assessment,B_Standard,normal_use_with_monitoring,1.0,pending_human_review,2026-08-30T09:46:42.069749+00:00,0.2.0
injected_15e3e4759e9f8e519c28,automated_risk_assessment,B_Standard,normal_use_with_monitoring,1.0,pending_human_review,2026-08-30T09:46:42.069749+00:00,0.2.0
injected_f222bb184fea2c6d4e98,automated_risk_assessment,B_Standard,normal_use_with_monitoring,1.0,pending_human_review,2026-08-30T09:46:42.069749+00:00,0.2.0
injected_928478b58cba4ef5280d,automated_risk_assessment,B_Standard,normal_use_with_monitoring,1.0,pending_human_review,2026-08-30T09:46:42.069749+00:00,0.2.0
injected_3484326773975b049c26,automated_risk_assessment,B_Standard,normal_use_with_monitoring,1.0,pending_human_review,2026-08-30T09:46:42.069749+00:00,0.2.0
injected_06b28b23a19ac8610790,automated_risk_assessment,B_Standard,normal_use_with_monitoring,1.0,pending_human_review,2026-08-30T09:46:42.069749+00:00,0.2.0
injected_05395d2e9888c183ecc9,automated_risk_assessment,B_Standard,normal_use_with_monitoring,1.0,pending_human_review,2026-08-30T09:46:42.069749+00:00,0.2.0
injected_f046da302e93c71a1378,automated_risk_assessment,B_Standard,normal_use_with_monitoring,1.0,pending_human_review,2026-08-30T09:46:42.069749+00:00,0.2.0
injected_56f0ac33c4381163986b,automated_risk_assessment,B_Standard,normal_use_with_monitoring,1.0,pending_human_review,2026-08-30T09:46:42.069749+00:00,0.2.0
injected_e91d67b3452814d5ddea,automated_risk_assessment,B_Standard,normal_use_with_monitoring,1.0,pending_human_review,2026-08-30T09:46:42.069749+00:00,0.2.0
injected_7bb85d104384bea98996,automated_risk_assessment,B_Standard,normal_use_with_monitoring,1.0,pending_human_review,2026-08-30T09:46:42.069749+00:00,0.2.0
injected_9874974d422a44ea3fa6,automated_risk_assessment,B_Standard,normal_use_with_monitoring,1.0,pending_human_review,2026-08-30T09:46:42.069749+00:00,0.2.0
injected_9d790e022e0317c8beaf,automated_risk_assessment,B_Standard,normal_use_with_monitoring,1.0,pending_human_review,2026-08-30T09:46:42.069749+00:00,0.2.0
injected_73b1bc8c83152d7ead63,automated_risk_assessment,B_Standard,normal_use_with_monitoring,1.0,pending_human_review,2026-08-30T09:46:42.069749+00:00,0.2.0
injected_373f6c5935243cbbf4b9,automated_risk_assessment,B_Standard,normal_use_with_monitoring,1.0,pending_human_review,2026-08-30T09:46:42.069749+00:00,0.2.0
injected_35a7d597b2f56f0ac494,automated_risk_assessment,B_Standard,normal_use_with_monitoring,1.0,pending_human_review,2026-08-30T09:46:42.069749+00:00,0.2.0
injected_740a9f01de97caeb5437,automated_risk_assessment,C_Watch,downweight_and_monitor,1.0,pending_human_review,2026-08-30T09:46:42.069749+00:00,0.2.0
injected_adb04fcc62d5215c4023,automated_risk_assessment,B_Standard,normal_use_with_monitoring,1.0,pending_human_review,2026-08-30T09:46:42.069749+00:00,0.2.0
injected_d0918fb5b9384277d83c,automated_risk_assessment,B_Standard,normal_use_with_monitoring,1.0,pending_human_review,2026-08-30T09:46:42.069749+00:00,0.2.0
injected_75fc91c41911e280a234,automated_risk_assessment,B_Standard,normal_use_with_monitoring,1.0,pending_human_review,2026-08-30T09:46:42.069749+00:00,0.2.0
injected_fe222cf16922147aaa3d,automated_risk_assessment,B_Standard,normal_use_with_monitoring,1.0,pending_human_review,2026-08-30T09:46:42.069749+00:00,0.2.0
injected_003954a808377706d79c,automated_risk_assessment,B_Standard,normal_use_with_monitoring,1.0,pending_human_review,2026-08-30T09:46:42.069749+00:00,0.2.0
injected_f864103d34f141ebb4ea,automated_risk_assessment,B_Standard,normal_use_with_monitoring,1.0,pending_human_review,2026-08-30T09:46:42.069749+00:00,0.2.0
injected_66a7461e84b9e4cfcb8c,automated_risk_assessment,B_Standard,normal_use_with_monitoring,1.0,pending_human_review,2026-08-30T09:46:42.069749+00:00,0.2.0
injected_adcce8b55a0781199a7a,automated_risk_assessment,B_Standard,normal_use_with_monitoring,1.0,pending_human_review,2026-08-30T09:46:42.069749+00:00,0.2.0
injected_8ae2d79a4ad943032497,automated_risk_assessment,C_Watch,downweight_and_monitor,1.0,pending_human_review,2026-08-30T09:46:42.069749+00:00,0.2.0
injected_db5e33128c44295e12f6,automated_risk_assessment,B_Standard,normal_use_with_monitoring,1.0,pending_human_review,2026-08-30T09:46:42.069749+00:00,0.2.0
injected_f09dc9900eb0a58bedab,automated_risk_assessment,B_Standard,normal_use_with_monitoring,1.0,pending_human_review,2026-08-30T09:46:42.069749+00:00,0.2.0
injected_be685b5509e4cee1ac3b,automated_risk_assessment,B_Standard,normal_use_with_monitoring,1.0,pending_human_review,2026-08-30T09:46:42.069749+00:00,0.2.0
injected_7af88a210e8f72a14a73,automated_risk_assessment,B_Standard,normal_use_with_monitoring,1.0,pending_human_review,2026-08-30T09:46:42.069749+00:00,0.2.0
injected_d7f3380f2526b68578a2,automated_risk_assessment,B_Standard,normal_use_with_monitoring,1.0,pending_human_review,2026-08-30T09:46:42.069749+00:00,0.2.0
injected_b4153f70d920662ea01b,automated_risk_assessment,D_Review_Required,human_review,1.0,pending_human_review,2026-08-30T09:46:42.069749+00:00,0.2.0
injected_047b339ccfa6a2bf5695,automated_risk_assessment,B_Standard,normal_use_with_monitoring,1.0,pending_human_review,2026-08-30T09:46:42.069749+00:00,0.2.0
injected_f8126f348e618a70086c,automated_risk_assessment,B_Standard,normal_use_with_monitoring,1.0,pending_human_review,2026-08-30T09:46:42.069749+00:00,0.2.0
injected_6753769c5051df18d975,automated_risk_assessment,C_Watch,downweight_and_monitor,1.0,pending_human_review,2026-08-30T09:46:42.069749+00:00,0.2.0
injected_d295d043beb95f31ab15,automated_risk_assessment,B_Standard,normal_use_with_monitoring,1.0,pending_human_review,2026-08-30T09:46:42.069749+00:00,0.2.0
injected_e85cede5156a2d823d0c,automated_risk_assessment,C_Watch,downweight_and_monitor,1.0,pending_human_review,2026-08-30T09:46:42.069749+00:00,0.2.0
injected_987ef60f51bef1882e15,automated_risk_assessment,B_Standard,normal_use_with_monitoring,1.0,pending_human_review,2026-08-30T09:46:42.069749+00:00,0.2.0
injected_92e9859dbe64ce1f3147,automated_risk_assessment,D_Review_Required,human_review,1.0,pending_human_review,2026-08-30T09:46:42.069749+00:00,0.2.0
injected_68f412343f34083c9cfa,automated_risk_assessment,D_Review_Required,human_review,1.0,pending_human_review,2026-08-30T09:46:42.069749+00:00,0.2.0
injected_847b2b09cf3252dfb9d0,automated_risk_assessment,C_Watch,downweight_and_monitor,1.0,pending_human_review,2026-08-30T09:46:42.069749+00:00,0.2.0
injected_b37ea7c348aa70a83f85,automated_risk_assessment,B_Standard,normal_use_with_monitoring,1.0,pending_human_review,2026-08-30T09:46:42.069749+00:00,0.2.0
injected_572a0c6b6cece8e50f65,automated_risk_assessment,B_Standard,normal_use_with_monitoring,1.0,pending_human_review,2026-08-30T09:46:42.069749+00:00,0.2.0
injected_eb08ca885ff83db5a93c,automated_risk_assessment,B_Standard,normal_use_with_monitoring,1.0,pending_human_review,2026-08-30T09:46:42.069749+00:00,0.2.0
injected_05c23d7c39c33ef24d50,automated_risk_assessment,B_Standard,normal_use_with_monitoring,1.0,pending_human_review,2026-08-30T09:46:42.069749+00:00,0.2.0
injected_b7fbea4b0f5cd2581227,automated_risk_assessment,D_Review_Required,human_review,1.0,pending_human_review,2026-08-30T09:46:42.069749+00:00,0.2.0
injected_f87e9c226496105745d0,automated_risk_assessment,B_Standard,normal_use_with_monitoring,1.0,pending_human_review,2026-08-30T09:46:42.069749+00:00,0.2.0
injected_fb890191789624523320,automated_risk_assessment,C_Watch,downweight_and_monitor,1.0,pending_human_review,2026-08-30T09:46:42.069749+00:00,0.2.0
injected_eba599af5ac9d267f918,automated_risk_assessment,B_Standard,normal_use_with_monitoring,1.0,pending_human_review,2026-08-30T09:46:42.069749+00:00,0.2.0
injected_4e241415fbc5e27b97dd,automated_risk_assessment,B_Standard,normal_use_with_monitoring,1.0,pending_human_review,2026-08-30T09:46:42.069749+00:00,0.2.0
injected_be4463b54cfd6119c63c,automated_risk_assessment,B_Standard,normal_use_with_monitoring,1.0,pending_human_review,2026-08-30T09:46:42.069749+00:00,0.2.0
injected_32e3cf7ae61847dbb4d2,automated_risk_assessment,D_Review_Required,human_review,1.0,pending_human_review,2026-08-30T09:46:42.069749+00:00,0.2.0
injected_61c071c27a37d1ecbf90,automated_risk_assessment,B_Standard,normal_use_with_monitoring,1.0,pending_human_review,2026-08-30T09:46:42.069749+00:00,0.2.0
injected_bf251f5c1613a0a6efef,automated_risk_assessment,B_Standard,normal_use_with_monitoring,1.0,pending_human_review,2026-08-30T09:46:42.069749+00:00,0.2.0
injected_b3114fdcc85e8b703821,automated_risk_assessment,B_Standard,normal_use_with_monitoring,1.0,pending_human_review,2026-08-30T09:46:42.069749+00:00,0.2.0
injected_24aef45ae87f7f3df4bb,automated_risk_assessment,B_Standard,normal_use_with_monitoring,1.0,pending_human_review,2026-08-30T09:46:42.069749+00:00,0.2.0
injected_420276eab28c43c07b28,automated_risk_assessment,B_Standard,normal_use_with_monitoring,1.0,pending_human_review,2026-08-30T09:46:42.069749+00:00,0.2.0
injected_8ecb6a3281d851655563,automated_risk_assessment,B_Standard,normal_use_with_monitoring,1.0,pending_human_review,2026-08-30T09:46:42.069749+00:00,0.2.0
injected_5b08415614d551ddeab5,automated_risk_assessment,B_Standard,normal_use_with_monitoring,1.0,pending_human_review,2026-08-30T09:46:42.069749+00:00,0.2.0
injected_f5bd7035a19988416a0e,automated_risk_assessment,B_Standard,normal_use_with_monitoring,1.0,pending_human_review,2026-08-30T09:46:42.069749+00:00,0.2.0
injected_10f700e7950075c7a386,automated_risk_assessment,B_Standard,normal_use_with_monitoring,1.0,pending_human_review,2026-08-30T09:46:42.069749+00:00,0.2.0
injected_d449fbe067d1e0ecb132,automated_risk_assessment,C_Watch,downweight_and_monitor,1.0,pending_human_review,2026-08-30T09:46:42.069749+00:00,0.2.0
injected_1161d35aaf05d03d1fee,automated_risk_assessment,B_Standard,normal_use_with_monitoring,1.0,pending_human_review,2026-08-30T09:46:42.069749+00:00,0.2.0
injected_bfbbaac2616223fa0af7,automated_risk_assessment,B_Standard,normal_use_with_monitoring,1.0,pending_human_review,2026-08-30T09:46:42.069749+00:00,0.2.0
injected_4e0d8aed1d07ebcf466c,automated_risk_assessment,B_Standard,normal_use_with_monitoring,1.0,pending_human_review,2026-08-30T09:46:42.069749+00:00,0.2.0
injected_0b6511ebdf8be20290af,automated_risk_assessment,B_Standard,normal_use_with_monitoring,1.0,pending_human_review,2026-08-30T09:46:42.069749+00:00,0.2.0
injected_313dc559edb5975ba2e4,automated_risk_assessment,B_Standard,normal_use_with_monitoring,1.0,pending_human_review,2026-08-30T09:46:42.069749+00:00,0.2.0
injected_f239c239f575742b872d,automated_risk_assessment,B_Standard,normal_use_with_monitoring,1.0,pending_human_review,2026-08-30T09:46:42.069749+00:00,0.2.0
injected_3c36ea841bfeae51e70e,automated_risk_assessment,B_Standard,normal_use_with_monitoring,1.0,pending_human_review,2026-08-30T09:46:42.069749+00:00,0.2.0
injected_75c09d3db6e2a8b54eb3,automated_risk_assessment,B_Standard,normal_use_with_monitoring,1.0,pending_human_review,2026-08-30T09:46:42.069749+00:00,0.2.0
injected_986fe5c66642e40e2f7a,automated_risk_assessment,B_Standard,normal_use_with_monitoring,1.0,pending_human_review,2026-08-30T09:46:42.069749+00:00,0.2.0
injected_5e8c7aa10634e9e26bde,automated_risk_assessment,B_Standard,normal_use_with_monitoring,1.0,pending_human_review,2026-08-30T09:46:42.069749+00:00,0.2.0
injected_0a8f0ca772a0d82385d3,automated_risk_assessment,C_Watch,downweight_and_monitor,1.0,pending_human_review,2026-08-30T09:46:42.069749+00:00,0.2.0
injected_51128e7ba70d6381caf7,automated_risk_assessment,C_Watch,downweight_and_monitor,1.0,pending_human_review,2026-08-30T09:46:42.069749+00:00,0.2.0
injected_3916c3dd0a915d75ced8,automated_risk_assessment,B_Standard,normal_use_with_monitoring,1.0,pending_human_review,2026-08-30T09:46:42.069749+00:00,0.2.0
injected_374d4e27d1fa4c8777ce,automated_risk_assessment,B_Standard,normal_use_with_monitoring,1.0,pending_human_review,2026-08-30T09:46:42.069749+00:00,0.2.0
injected_b8b1c625b5573d6fb9a4,automated_risk_assessment,B_Standard,normal_use_with_monitoring,1.0,pending_human_review,2026-08-30T09:46:42.069749+00:00,0.2.0
injected_c8d3979aa3979e20125a,automated_risk_assessment,B_Standard,normal_use_with_monitoring,1.0,pending_human_review,2026-08-30T09:46:42.069749+00:00,0.2.0
injected_d33d96acb9331ad0a936,automated_risk_assessment,B_Standard,normal_use_with_monitoring,1.0,pending_human_review,2026-08-30T09:46:42.069749+00:00,0.2.0
injected_61dbdc724d809a49a068,automated_risk_assessment,B_Standard,normal_use_with_monitoring,1.0,pending_human_review,2026-08-30T09:46:42.069749+00:00,0.2.0
injected_3b39bbd8830096a14543,automated_risk_assessment,B_Standard,normal_use_with_monitoring,1.0,pending_human_review,2026-08-30T09:46:42.069749+00:00,0.2.0
injected_d6ac47e9e551f793a20d,automated_risk_assessment,C_Watch,downweight_and_monitor,1.0,pending_human_review,2026-08-30T09:46:42.069749+00:00,0.2.0
injected_6d29c96011431aa50f80,automated_risk_assessment,B_Standard,normal_use_with_monitoring,1.0,pending_human_review,2026-08-30T09:46:42.069749+00:00,0.2.0
injected_c5622b0c4a19f5a6c6ae,automated_risk_assessment,B_Standard,normal_use_with_monitoring,1.0,pending_human_review,2026-08-30T09:46:42.069749+00:00,0.2.0
injected_1e2d9b3c5732c378db83,automated_risk_assessment,B_Standard,normal_use_with_monitoring,1.0,pending_human_review,2026-08-30T09:46:42.069749+00:00,0.2.0
injected_f619062402a43f4cc44d,automated_risk_assessment,B_Standard,normal_use_with_monitoring,1.0,pending_human_review,2026-08-30T09:46:42.069749+00:00,0.2.0
injected_cacf30846c9dbb283624,automated_risk_assessment,C_Watch,downweight_and_monitor,1.0,pending_human_review,2026-08-30T09:46:42.069749+00:00,0.2.0
injected_d770780def7392070323,automated_risk_assessment,C_Watch,downweight_and_monitor,1.0,pending_human_review,2026-08-30T09:46:42.069749+00:00,0.2.0
