contamination,method,n,positives,threshold,accuracy,precision,recall,f1,fpr,fnr,brier,ece,tp,fp,tn,fn,auroc,auprc,entities,raw_spearman,weighted_spearman,raw_kendall,weighted_kendall,raw_topk_overlap,weighted_topk_overlap,raw_mean_rank_error,weighted_mean_rank_error,raw_ndcg,weighted_ndcg
0.01,no_filter,16372,188,0.5,0.9885169802101148,0.0,0.0,0.0,0.0,1.0,0.01148301978988517,0.01148301978988517,0,0,16184,188,0.5,0.01148301978988517,2000,0.9996562560421138,0.9940989843594253,0.9960657102845702,0.942317888360947,0.94,0.88,3.021,38.7625,0.9999385853081499,0.9999076132775154
0.01,simple_rule,16372,188,0.5,0.9919374541900806,0.9827586206896551,0.30319148936170215,0.4634146341463415,6.178942165101334e-05,0.6968085106382979,0.008062545809919374,0.008062545809919375,57,1,16183,131,0.6515648499700256,0.30596551580736864,2000,0.9996562560421138,0.9940989843594253,0.9960657102845702,0.942317888360947,0.94,0.88,3.021,38.7625,0.9999385853081499,0.9999076132775154
0.01,behavior_only,16372,188,0.5,0.9885169802101148,0.0,0.0,0.0,0.0,1.0,0.05331777966467622,0.19411345001728658,0,0,16184,188,0.6109550672584428,0.40139269756054,2000,0.9996562560421138,0.9940989843594253,0.9960657102845702,0.942317888360947,0.94,0.88,3.021,38.7625,0.9999385853081499,0.9999076132775154
0.01,content_only,16372,188,0.5,0.9885169802101148,0.0,0.0,0.0,0.0,1.0,0.016428266944055674,0.042642515896773,0,0,16184,188,0.5130676410113482,0.11189556763601657,2000,0.9996562560421138,0.9940989843594253,0.9960657102845702,0.942317888360947,0.94,0.88,3.021,38.7625,0.9999385853081499,0.9999076132775154
0.01,rule_fusion,16372,188,0.5,0.9889445394576105,1.0,0.03723404255319149,0.07179487179487179,0.0,0.9627659574468085,0.042791550933410014,0.15201524321222865,7,0,16184,181,0.6599986130246842,0.09765342799616296,2000,0.9996562560421138,0.9940989843594253,0.9960657102845702,0.942317888360947,0.94,0.88,3.021,38.7625,0.9999385853081499,0.9999076132775154
0.01,multi_evidence_logistic,16372,188,0.9,0.9627412655753725,0.127208480565371,0.3829787234042553,0.1909814323607427,0.03052397429560059,0.6170212765957447,0.14638866598060704,0.24050974046624582,72,494,15690,116,0.7956674769407136,0.3521253901590837,2000,0.9996562560421138,0.9940989843594253,0.9960657102845702,0.942317888360947,0.94,0.88,3.021,38.7625,0.9999385853081499,0.9999076132775154
0.05,no_filter,17226,1042,0.5,0.9395100429583189,0.0,0.0,0.0,0.0,1.0,0.060489957041681176,0.060489957041681176,0,0,16184,1042,0.5,0.060489957041681176,2000,0.9971014503983358,0.9974870469962507,0.9875098981075049,0.9775824518148221,0.79,0.87,11.3065,15.615,0.99972662888861,0.9997977076243642
0.05,simple_rule,17226,1042,0.5,0.9567514222686636,0.9966555183946488,0.28598848368522073,0.4444444444444444,6.178942165101334e-05,0.7140115163147792,0.04324857773133635,0.043248577731336356,298,1,16183,744,0.6429633471317848,0.32822252641133987,2000,0.9971014503983358,0.9974870469962507,0.9875098981075049,0.9775824518148221,0.79,0.87,11.3065,15.615,0.99972662888861,0.9997977076243642
0.05,behavior_only,17226,1042,0.5,0.9395100429583189,0.0,0.0,0.0,0.0,1.0,0.08266246683863157,0.17928700186101093,0,0,16184,1042,0.6156753121255276,0.5541432462938897,2000,0.9971014503983358,0.9974870469962507,0.9875098981075049,0.9775824518148221,0.79,0.87,11.3065,15.615,0.99972662888861,0.9997977076243642
0.05,content_only,17226,1042,0.5,0.9424706838499942,1.0,0.04894433781190019,0.09332113449222323,0.0,0.9510556621880998,0.057796575775833504,0.0873680575947143,51,0,16184,991,0.5189906703903193,0.24711595817228219,2000,0.9971014503983358,0.9974870469962507,0.9875098981075049,0.9775824518148221,0.79,0.87,11.3065,15.615,0.99972662888861,0.9997977076243642
0.05,rule_fusion,17226,1042,0.5,0.9407291303843028,1.0,0.02015355086372361,0.03951081843838194,0.0,0.9798464491362764,0.05812827335812039,0.09237045974000484,21,0,16184,1021,0.787069620667506,0.3422043953262877,2000,0.9971014503983358,0.9974870469962507,0.9875098981075049,0.9775824518148221,0.79,0.87,11.3065,15.615,0.99972662888861,0.9997977076243642
0.05,multi_evidence_logistic,17226,1042,0.9,0.9637176361314292,0.8192955589586524,0.5134357005758158,0.6312684365781711,0.007291151754819575,0.4865642994241843,0.08210863618536854,0.16364099869925025,535,118,16066,507,0.9321912094407594,0.7157104915496239,2000,0.9971014503983358,0.9974870469962507,0.9875098981075049,0.9775824518148221,0.79,0.87,11.3065,15.615,0.99972662888861,0.9997977076243642
0.1,no_filter,18233,2049,0.5,0.8876213459112599,0.0,0.0,0.0,0.0,1.0,0.11237865408874019,0.11237865408874019,0,0,16184,2049,0.5,0.11237865408874019,2000,0.9962087332527081,0.9965571001453993,0.9838083679229422,0.9742201029316923,0.71,0.84,15.0915,18.339,0.999601262209412,0.9997115573026485
0.1,simple_rule,18233,2049,0.5,0.9204738660670213,0.9983361064891847,0.29282576866764276,0.4528301886792453,6.178942165101334e-05,0.7071742313323572,0.07952613393297867,0.07952613393297865,600,1,16183,1449,0.6463819896229959,0.37180982609472685,2000,0.9962087332527081,0.9965571001453993,0.9838083679229422,0.9742201029316923,0.71,0.84,15.0915,18.339,0.999601262209412,0.9997115573026485
0.1,behavior_only,18233,2049,0.5,0.8876213459112599,0.0,0.0,0.0,0.0,1.0,0.11307503335932981,0.18178859597829555,0,0,16184,2049,0.5983133025839739,0.5755787061429715,2000,0.9962087332527081,0.9965571001453993,0.9838083679229422,0.9742201029316923,0.71,0.84,15.0915,18.339,0.999601262209412,0.9997115573026485
0.1,content_only,18233,2049,0.5,0.9084078319530522,1.0,0.18496827720839434,0.31219110378912684,0.0,0.8150317227916056,0.09960898253681537,0.13020858773825844,379,0,16184,1670,0.5180982241316128,0.2873903787096035,2000,0.9962087332527081,0.9965571001453993,0.9838083679229422,0.9742201029316923,0.71,0.84,15.0915,18.339,0.999601262209412,0.9997115573026485
0.1,rule_fusion,18233,2049,0.5,0.891954149070367,1.0,0.038555392874572963,0.07424812030075188,0.0,0.961444607125427,0.08210207027289075,0.08400721231897643,79,0,16184,1970,0.84412208600605,0.5530536534099784,2000,0.9962087332527081,0.9965571001453993,0.9838083679229422,0.9742201029316923,0.71,0.84,15.0915,18.339,0.999601262209412,0.9997115573026485
0.1,multi_evidence_logistic,18233,2049,0.9,0.9506937969615532,0.900976290097629,0.6305514885309907,0.7418891759977031,0.008774097874443896,0.36944851146900926,0.08397397707782048,0.1550336414792639,1292,142,16042,757,0.9540593237553397,0.8522625209121659,2000,0.9962087332527081,0.9965571001453993,0.9838083679229422,0.9742201029316923,0.71,0.84,15.0915,18.339,0.999601262209412,0.9997115573026485
0.2,no_filter,20223,4039,0.5,0.8002769124264452,0.0,0.0,0.0,0.0,1.0,0.19972308757355486,0.19972308757355486,0,0,16184,4039,0.5,0.19972308757355486,2000,0.9943116102707522,0.9948270976745212,0.9803176117865623,0.9807705991743515,0.68,0.74,18.5085,15.5115,0.999492074883634,0.9995654042289299
0.2,simple_rule,20223,4039,0.5,0.8582307273896059,0.9991482112436116,0.2904184204010894,0.4500287742183004,6.178942165101334e-05,0.7095815795989107,0.1417692726103941,0.14176927261039413,1173,1,16183,2866,0.6451783154897192,0.4318908692187583,2000,0.9943116102707522,0.9948270976745212,0.9803176117865623,0.9807705991743515,0.68,0.74,18.5085,15.5115,0.999492074883634,0.9995654042289299
0.2,behavior_only,20223,4039,0.5,0.8002769124264452,0.0,0.0,0.0,0.0,1.0,0.17050758724749454,0.21614107528227466,0,0,16184,4039,0.5736440717585841,0.5925879366762316,2000,0.9943116102707522,0.9948270976745212,0.9803176117865623,0.9807705991743515,0.68,0.74,18.5085,15.5115,0.999492074883634,0.9995654042289299
0.2,content_only,20223,4039,0.5,0.8395885872521387,1.0,0.19683089873731122,0.3289201489449731,0.0,0.8031691012626888,0.16980557689276263,0.20134237485143194,795,0,16184,3244,0.5178950670899413,0.3572423114851726,2000,0.9943116102707522,0.9948270976745212,0.9803176117865623,0.9807705991743515,0.68,0.74,18.5085,15.5115,0.999492074883634,0.9995654042289299
0.2,rule_fusion,20223,4039,0.5,0.805023982594076,0.9615384615384616,0.02475860361475613,0.048274197441467534,0.00024715768660405336,0.9752413963852439,0.12350254852895029,0.11804010707006964,100,4,16180,3939,0.8893040598847348,0.7573260087199983,2000,0.9943116102707522,0.9948270976745212,0.9803176117865623,0.9807705991743515,0.68,0.74,18.5085,15.5115,0.999492074883634,0.9995654042289299
0.2,multi_evidence_logistic,20223,4039,0.9,0.9195964990357514,0.9801034619976124,0.6098044070314435,0.7518315018315018,0.003089471082550667,0.39019559296855655,0.05835005344282012,0.08996331483009877,2463,50,16134,1576,0.9700649604321289,0.9252879228646679,2000,0.9943116102707522,0.9948270976745212,0.9803176117865623,0.9807705991743515,0.68,0.74,18.5085,15.5115,0.999492074883634,0.9995654042289299
0.3,no_filter,22184,6000,0.5,0.7295347998557519,0.0,0.0,0.0,0.0,1.0,0.27046520014424813,0.27046520014424813,0,0,16184,6000,0.5,0.27046520014424813,2000,0.9937373229171513,0.9937443308181831,0.978220901261545,0.9812507811997612,0.66,0.7,20.4565,15.2275,0.9994550716070314,0.9995037499054823
0.3,simple_rule,22184,6000,0.5,0.8067075369635773,0.9994165694282381,0.2855,0.4441275602800104,6.178942165101334e-05,0.7145,0.19329246303642264,0.19329246303642264,1713,1,16183,4287,0.6427191052891744,0.4785808160748273,2000,0.9937373229171513,0.9937443308181831,0.978220901261545,0.9812507811997612,0.66,0.7,20.4565,15.2275,0.9994550716070314,0.9995037499054823
0.3,behavior_only,22184,6000,0.5,0.7295347998557519,0.0,0.0,0.0,0.0,1.0,0.2603006056364334,0.42466713952213603,0,0,16184,6000,0.3358756951309936,0.3791123058529753,2000,0.9937373229171513,0.9937443308181831,0.978220901261545,0.9812507811997612,0.66,0.7,20.4565,15.2275,0.9994550716070314,0.9995037499054823
0.3,content_only,22184,6000,0.5,0.7833573746844573,1.0,0.199,0.33194328607172646,0.0,0.801,0.22571322074436193,0.2575679607713585,1194,0,16184,4806,0.5191970773603559,0.41564262531554275,2000,0.9937373229171513,0.9937443308181831,0.978220901261545,0.9812507811997612,0.66,0.7,20.4565,15.2275,0.9994550716070314,0.9995037499054823
0.3,rule_fusion,22184,6000,0.5,0.7335917778579156,0.9591836734693877,0.015666666666666666,0.03082978025582158,0.00024715768660405336,0.9843333333333333,0.1712837967259842,0.10185510787274851,94,4,16180,5906,0.7840256889520514,0.6945492739414583,2000,0.9937373229171513,0.9937443308181831,0.978220901261545,0.9812507811997612,0.66,0.7,20.4565,15.2275,0.9994550716070314,0.9995037499054823
0.3,multi_evidence_logistic,22184,6000,0.9,0.8911377569419401,0.9923098049986268,0.6021666666666666,0.7495073125194482,0.0017301038062283738,0.3978333333333333,0.055045687434837565,0.05017454241886544,3613,28,16156,2387,0.975408963585434,0.9492221922770738,2000,0.9937373229171513,0.9937443308181831,0.978220901261545,0.9812507811997612,0.66,0.7,20.4565,15.2275,0.9994550716070314,0.9995037499054823
